ISBN;id
9780553588484;346732
9780689875342;2526
9780142437018;2041
9780142437018;70772
9780553383041;874602
9780440498056;106
9780689878558;8596
9780517223628;34933
9780517223628;8164
9780517223628;28120
9780786817870;10896
9780316042673;2895706
9780316042673;2895707
9780552554220;24830
9780552554220;59749
B00B3Y92S8;5821849
9780439366779;1949
9780142403884;4273
9780142403884;146
B00H6LS59E;7817816
9781416914280;150038
9781416975861;150038
9780152045661;36122
9780152045661;268524
9780062024039;4039811
9781416924999;26
9780812550702;589
9780375826696;8349
9781590385814;25052
9780615524689;5130837
9780615524689;8596
9780955670138;6580373
9780152063962;1373880
9780439771344;153394
9780152020682;131683
9780152020682;385574
9781416912279;19733
9781423121305;2261547
9780345481283;8730
9780064410342;4260
9780439709101;15873
9780439709101;25355
B018R66MRI;14759054
9781416928065;125984
9781416971733;13957
9780060577315;157663
9780141301068;4273
9780141301068;146
9780439474290;6206
9780991531905;7940084
9780439856263;8347
9780060557812;1221698
9780345468642;8732
9780786849079;6245
9780786849079;6244
9780786849079;337207
9781862301382;5329
9780064471831;8347
9780590554084;8596
9780152047382;11761
9780061142024;1221698
9780451457813;10746
9780142401651;32590
9780142401651;6542656
9780439670203;3155347
9780552562522;27100
9780786818594;33467
9780446617796;3780
9780439206471;36746
9780439206471;44524
9780805080483;8924
9780375831003;11466
9780375822742;2347
9780060548254;15590
9781939889126;7477505
9780062272157;903992
9780812511819;6252
9780810959255;65335
9780810959255;65334
9780618346257;656983
9780689859366;25422
9780689859366;25421
9780385732550;2493
9780679879244;3618
9781582349909;49177
9780060530921;1221698
9780060530921;10365
9780345391803;4
9780618260300;656983
9780375838941;1100089
9780439023481;153394
9780451450524;1067608
9780786838653;15872
9780060764890;1069006
9780803731530;24818
9780307711779;15872
9780307711779;3343082
9780441010288;11078
9780545100755;15872
9780385737944;348878
9780743437318;74046
9780345350497;4841825
9780316057776;47672
9780316057776;428566
9780756404079;108424
9780525457589;15619
9780525457589;38449
9780525457589;262689
9780345418265;12521
9781423113386;15872
9780142406632;34049
9780006753995;426944
9780060824976;22542
9780060012380;1654
9780142401200;10074
9780140621679;3242
9780140621679;5804248
9780374480097;1954
9780689865381;13957
9780380395866;7717
9781416903437;8596
9780553381696;346732
9780061870934;22542
9780812550283;6252
9780812550283;346732
9780812550283;346732
9780553582024;346732
9789896370268;346732
9789896370268;2877759
9780552552646;1654
9780440936855;106
9780765325952;6252
9780765325952;38550
9789896370206;346732
9789896370206;2877759
9780553573428;346732
9780440401582;106
9780440487616;106
9780152055035;11761
9780152049119;11761
9780152047702;11761
9780142419236;11078
9780060278250;8347
9780345419354;26
9780007524273;4039811
9780440208143;106
9780451460288;34850
9780451460288;4841825
9781401323585;10896
9780446545242;3780
9780991531936;7940084
9780803731561;24818
9780142407387;32590
9780439842976;8596
9780316123525;2895706
9780316123525;2895707
9780316123525;4150084
9780316077057;2895706
9780316077057;2895707
9780316123532;2895706
9780316123532;2895707
9781416971757;13957
9781416971757;202254
9780545060448;11912
9780803734739;1373880
9780345481306;8730
9780689869112;74046
9780345522894;8730
9780451459879;10746
9780375814693;8596
9780955670152;6580373
9780955670152;1964987
9780955670121;6580373
9780590554114;8596
9780375826726;8349
9780152046927;36122
9780152046927;268524
9780061051586;1654
9780064473453;4260
9780345335708;8732
9780439023498;153394
9780439023498;14759054
B01L746I6C;7817816
9780451463173;10746
9780142404126;4273
9780142404126;146
9780439846653;6206
9780439545280;6206
9780439545303;6206
9780439545266;6206
9781405248235;6206
9780439846691;6206
9780807218983;6206
9780765304742;589
9781416914297;150038
9781442403543;150038
9781416914303;150038
9781481426305;150038
9781442416864;150038
9780061561559;8347
9781416975885;150038
9781406321340;150038
9780451464408;10746
9780590396561;8596
9780399250569;32590
9780312864590;6252
9780345522863;8730
9780590554107;8596
9780061242427;157663
9780061242427;619712
9780451460912;10746
9780451459404;10746
9780152049423;11761
9780345363312;8732
B00SB52E0K;5821849
9781423121312;2261547
9781423121312;5782421
9788711418734;5782421
9788711418734;8732
9788711418734;7231087
9788711418734;8732
9788711418734;7231087
9788711418734;8732
9788711418734;7231087
9788711418734;8732
9788711418734;7231087
9788711418734;8732
9788711418734;7231277
9788711418734;8732
9788711418734;7231087
9783442267743;346732
9783442267743;733928
9783492286176;6252
9780142419250;11078
9780399245442;5329
9780575081444;108424
9781421976952;3242
9780345480309;26
9780345480309;1948907
9780345480286;26
9780345480286;1948907
9780345462008;26
9780345462008;1948907
9781423346999;26
9781423346999;1948907
9780689860065;26
9780345484260;26
9780345491169;1948907
9780345491145;1948907
9780345335081;26
9780440917199;106
9780593053614;1948907
9780893662134;26
9780517287774;26
9780689860072;26
9780689860072;14759054
9780439436564;8347
9780142406137;32590
9780765329059;589
9780765329059;55830
9780765329066;589
9780765329066;55830
9780765329042;589
9780765329042;55830
9780375840401;8349
9781416903376;8596
9780345496874;8730
9780345300782;8732
9780765342409;589
9781582349060;49177
9780060855901;1654
9781741662092;34049
9780380821211;1654
9780399242090;5329
9781416951179;13957
9780316036191;3780
9780552153256;1654
9780803734616;1373880
9780060577360;157663
9780060577360;619712
9780451458124;10746
9781599901671;49177
9780061242458;157663
9780547418063;11761
9780385732567;2493
9780451463791;10746
9780688149789;3242
9780688149789;5044885
9780060502935;1654
9780061561580;8347
9781416971771;13957
9781416971771;202254
B00OZAEYTY;7817816
9780451458445;10746
9780439791434;153394
9780439656245;153394
9780439791465;153394
9780439650762;153394
9780439703703;8347
9781590388983;25052
9780345352668;8732
9780061020643;1654
9781741663020;34049
9780441014361;5329
9780152049416;11761
9780552154284;1654
9780061477959;4260
9780385611077;1654
9788804639923;346732
9788804639923;5020021
9788804639923;5233697
9781338151510;13957
9780689878565;8596
9780545060462;11912
9780375856112;8349
9781905294718;15873
9780439554008;15873
9780439554008;25355
9780007442911;4039811
9780061056901;1654
9780545060509;14617
9780552154161;1654
9788025700907;108424
9788025700907;4613589
9788025700891;108424
9788025700891;4613589
9780091949792;1654
9780091949792;10336
9780091949792;19441
9781606412381;25052
9780552148030;8732
9780812577563;6252
9780152020736;131683
9780152020736;385574
9780439700887;8347
9780439700887;8596
9780788720390;4841825
9780788720390;34850
9780345522924;8730
9781590388006;125984
9781606411469;125984
9781590384909;125984
9781590389638;125984
9780345418906;4
9780689878572;8596
9780060590161;8347
9780142403778;5329
9780142501108;5329
9780812513752;6252
9780439700900;8347
9780552153157;1654
9780689859380;25422
9780689859380;25421
9780810993587;65335
9780810993587;65334
9780152020774;131683
9780152020774;385574
9780152511609;131683
9780152511609;385574
9780152511609;131683
9780152511609;385574
9780590396059;8596
9780345335456;8732
9780061161643;1654
9780312368579;106
9780142302392;5329
9780142302392;158961
9780142501085;5329
9780441001866;5329
9780575058088;1654
9780375814709;8596
9780441006106;5329
9780316002899;3780
9780316207508;3780
9781934180051;8596
9780061092190;1654
9780385732536;2493
9780385732536;10746
9780439023511;153394
9780439023511;1654
9780345419576;26
9780395680926;656983
9780395680926;9533
9780061020681;1654
9780441005765;5329
9780345379337;4
9780552152945;1654
9780345419583;26
9781524739300;32590
9780316101844;3780
9781841492612;6252
9780552154307;1654
9780552154307;32590
9789896370480;346732
9789896370480;2877759
9789896370978;346732
9789896370978;2877759
9789896371357;346732
9789896371357;2877759
9780810916104;65335
9780810916104;65334
9780545060424;2130
9780983930846;5130837
9780142401422;5329
9780543895141;3242
9780543895141;8596
9780356500911;10746
9780142401446;5329
9780786837885;6245
9780786837885;6244
9780786837885;337207
9780786837878;6245
9780786837878;6244
9780786837878;337207
9781423309758;6245
9781423309758;6244
9781423309758;123344
9780060577377;157663
9780060577377;619712
9780060577377;5130837
9780142406120;32590
9780689865398;13957
9780451458629;4841825
9780451458629;34850
9780007202300;1069006
9780451461032;10746
9780786818617;33467
9780061020650;1654
9780345335654;8732
9780060882075;157663
9780060882075;619712
9780857522276;1654
9780142406830;5329
9781416914181;74046
9780670038701;34850
9780670038701;4841825
9780552152952;1654
9780385733410;2526
9780385733410;5130837
9780688147204;3242
9780688147204;5044885
9781590387429;25052
9781582349015;49177
9780399254413;32590
9780142501528;5329
9780142501528;158961
9780395606490;656983
9780395606490;9533
9780316155601;3780
9780316155595;3780
9780142405789;32590
9780399250576;32590
9780152045654;36122
9780152045654;268524
9781606410424;25052
9780803731554;24818
9780152020798;131683
9780152020798;385574
9781841492056;589
9780812565959;589
9780765340054;589
9780765340054;589
9780765332004;589
9780142419281;11078
9780590396967;8596
9780439436571;8347
9780142406144;32590
9780451464392;10746
B005OCYQW2;26
B005OCYQW2;1948907
9780451461896;10746
9780552152976;1654
9781406309355;32590
9780385619264;1654
B001OF5F1E;4
9780547887203;2493
9780345369352;8732
9780575066892;1654
9780061020674;1654
9780812550757;589
9780689865404;13957
9781423121329;2261547
9781423121329;8596
9780545060493;61707
9780590396431;8596
9780451458926;10746
9780439700894;8347
9780451462923;34850
9780747594154;157663
9780142501542;5329
9780142501542;158961
9780441011247;874602
9780810994782;65335
9780810994782;65334
9780380729340;7717
9780152046910;36122
9780152046910;268524
9780805080513;8924
9781416509639;874602
9780375847110;8596
9780375814686;8596
9780060012342;1654
9780440238157;3618
9780786851478;10896
9780440901839;106
9781423128199;10896
9780064408639;36746
9780064408639;44524
9780399244575;34049
9781423101468;15872
9781423101468;105630
9781423101468;15872
9781423101468;3376756
9780142400302;5329
9780805080490;8924
9780545060455;46474
9781423146735;15872
9780439865180;3155347
9780345375216;656983
9780345375216;9533
9780345375223;656983
9780345375223;9533
9780292707696;426944
9781423138655;6245
9781423138655;6244
9780399244551;34049
9781484746431;15872
9781484746431;426944
9780064410120;36746
9780064410120;44524
9780805080506;8924
9780552139137;26
9780439670234;3155347
9780060855925;1654
9781419701863;65335
9781419701863;65334
9781484709870;15872
9781484746424;15872
9781484746424;14920
9780439932141;3155347
9780385738774;348878
9780375955716;2347
9780345419385;26
9780345419385;19733
9780142419243;11078
9780765305114;6252
9781416958970;19733
9781442412231;19733
9781587260230;3242
9781741664485;34049
9780545060486;2130
9780385735353;27100
9780064410168;36746
9780064410168;44524
9780060566210;36746
9780060566210;44524
9780142419298;11078
9780141321318;10896
9780810983557;65335
9780810983557;65334
9780810983557;8596
9780439932158;3155347
9781416509646;874602
9780375838989;1100089
9780552154222;1654
9780316002868;3780
9781857232097;6252
9781442412279;19733
9780545126588;3155347
9780451454249;4841825
9780451454249;34850
9780765302304;6252
9780765302304;38550
9780786836543;33467
9780545126601;3155347
9780812517729;6252
9780142419274;11078
9780064410144;36746
9780064410144;44524
9781484732748;15872
9780805080520;8924
9780991531998;7940084
9780007365371;656983
9780007365371;9533
9780060548261;15590
9780439861366;1069006
9781405206129;36746
9781405206129;44524
9781423146728;15872
9780399244568;34049
9789997409850;426944
9781416951070;19733
9780062272188;903992
9780810984301;65335
9780810984301;65334
9780689859397;25422
9780689859397;25421
9780060835774;22542
9781741663013;34049
9780007202324;1069006
9780552154185;1654
9780060548278;15590
9781423161615;10896
9780060507770;1654
9780060507770;19440
9781423101475;15872
9780395394298;656983
9780395394298;9533
9780142501092;5329
9780061020704;1654
9780061020704;7801932
9780061020704;17087119
9781423116967;105630
9781423116967;15872
9781423116967;12739
9780142402450;5329
9780142402450;579130
9780743437325;74046
9780786849567;10896
9781423163251;105630
9781423163251;15872
9781423163251;51924
9780688149758;3242
9780688149758;5044885
9780048233493;656983
9780048233493;9533
9780399256189;34049
9780375957079;1100089
9780486400198;3242
9780385733588;27100
9780060764906;1069006
9781423140603;15872
9780140350418;3242
9780140350418;58401
9780552142748;26
9780545414623;15872
9780142419229;11078
9780439272636;36746
9780439272636;44524
9780062272232;903992
9780316057806;47672
9780316057806;2303624
9780307582393;47672
9780307582393;997741
9780385905169;27100
9781597372558;74046
9781423103998;10896
9780441011254;874602
9780688133542;3242
9780688133542;5044885
9780812550290;6252
9780955670145;6580373
9780064410151;36746
9780064410151;44524
9780375828256;2347
9780261103481;656983
9780261103481;9533
9781416914167;74046
9780449224434;15590
9780810949140;65335
9780810949140;65334
9780440421245;2347
9780060841829;22542
9781416914235;74046
9780142419212;11078
9780743437349;74046
9781416908173;8596
9780375971389;1100089
9780345419392;26
9780439206488;36746
9780439206488;44524
9780439206488;4
9780345339737;656983
9780618083572;656983
9780618083572;9533
9780689869129;74046
9781587260377;3242
9780399254161;5329
9780399163609;34049
9780399251641;5329
9781421818900;3242
9780091886578;1654
9780091886578;10336
9780091886578;19441
9780091888053;1654
9780091888053;10336
9780091888053;19441
9780091898243;1654
9780091898243;10336
9780091898243;19441
9780385738750;348878
9780786856862;15872
9781423145509;105630
9781423145509;15872
9781423145509;3376756
9781416948506;19733
9780375838965;1100089
9780689859373;25422
9780689859373;25421
9780552148061;8732
9781423140573;15872
9781423140573;1221698
9780142419205;11078
9781416958796;19733
9780812513738;6252
9780261102187;656983
9780261102187;9533
9780062429971;1654
9781741661347;34049
9780064405041;1069006
9780064405041;25523
9780345434692;26
9780064410137;36746
9780064410137;44524
9781416914204;74046
9781423140597;15872
9781423194552;15872
9781741661286;34049
9780385735292;27100
9781484721346;15872
9780679879251;3618
9780765375629;589
9780765375629;55830
9780385730303;2526
9780545135702;17216
9781423140566;15872
9780192751010;131683
9781423108368;10896
9780688149765;3242
9780688149765;5044885
9780141382890;15872
9781423145516;105630
9781423145516;15872
9781423145516;3376756
9780689845369;874602
9780689845369;277045
9780395515624;656983
9780395515624;9533
9780413771162;1654
9780413771162;17162288
9780618346264;656983
9780618346264;17976089
9780618346264;15872
9780810993235;65335
9780810993235;65334
9780060566227;36746
9780060566227;44524
9780545060479;17216
9780061125270;1069006
9780061125270;25523
9780395710418;656983
9780395710418;9533
9780261102231;656983
9780261102231;9533
9780385735339;27100
9780062012173;1654
9780152949945;131683
9780152949945;385574
9780345341679;26
9780060548285;15590
9780064407687;36746
9780064407687;44524
9780439441728;8596
9780002247412;346732
9780756404734;108424
9780756404734;426944
9780152054915;11761
9780689878589;8596
9780689859403;25422
9780689859403;25421
9780062568243;22542
9780061031328;1654
9780345481290;8730
9780552152679;1654
9780688133559;3242
9780688133559;5044885
9781904233190;6252
9780345496898;8730
9780765325945;6252
9780765325945;38550
9780765325945;8596
9780765325945;8596
9780590554091;8596
9780142402481;5329
9780142402481;579130
9780451462565;10746
9780142419267;11078
9780061161704;1654
9780061161704;15872
9780061161704;5130837
9780545290593;15872
9780545290593;2130
9780545290593;17216
9780007256754;8730
9780996624947;7940084
9780451461407;10746
9780812575583;6252
9780060890315;1654
9780061020612;1654
9780152052072;11761
9780152047726;11761
9781416903444;8596
9780061020667;1654
9780312861872;589
