id_knjige;id_serije;zaporedna_stevilka_serije
29502079;100690;2
23279496;100690;3
21544368;100787;2
22529375;100787;3
22514483;100787;4
22728735;100787;5
23274036;100787;6
24922888;100787;7
28149935;100787;8
18172465;100839;2
22836576;101106;2
6553209;101129;2
16219730;101129;3
20102947;101129;4
17679373;101205;2
18197222;101205;3
17786254;101624;2
17834176;101624;3
20814989;102109;2
20814993;102109;3
17825280;102179;2
27779765;102899;3
38316021;102899;4
17832472;102917;2
48549;103254;2
536535;103254;3
48426;103254;4
20454076;103629;2
23264825;103629;3
30140756;103629;4
13612962;104048;2
13612968;104048;4
13612970;104048;5
23846013;104843;2
28588345;104843;3
23110049;106494;2
36232164;106494;3
16005263;107522;2
17571273;108525;2
17571274;108525;3
17571275;108525;4
17571277;108525;5
16074851;108717;2
18764360;108717;3
17571248;108717;4
18243558;108724;2
26177575;108724;3
20428020;109016;2
18038349;110269;2
18602073;110269;3
20742953;110269;4
23275243;110269;5
28494338;110269;6
31819013;110269;7
7631105;110451;2
7864437;110451;3
23503711;111751;2
23513566;111751;3
18165051;111936;2
26228034;112296;2
31817749;112296;3
33384139;113177;2
33384153;113177;3
33384164;113177;4
33384170;113177;5
18743254;114130;2
22919685;114130;3
24564311;114485;2
17901125;114498;2
28260402;114498;3
24526764;114498;4
24526778;114498;5
24526790;114498;6
24526797;114498;7
18641729;114939;2
22788254;114939;3
31688500;114939;4
18710631;115066;2
22807866;115066;3
25885809;115066;4
28084628;115066;5
30724372;115066;6
33163320;115066;7
13650355;115672;2
17034859;115672;3
17657600;115672;4
18490721;116071;2
34316315;116497;2
34427940;116497;3
9683254;116971;2
9684805;116971;3
9683249;116971;4
9683252;116971;5
9683256;116971;7
9683253;116971;8
9683251;116971;10
18904643;116971;12
29226553;117100;5
29227774;117100;6
35397164;118343;2
25525765;118343;3
27395877;118343;4
3248385;118424;1
18943645;118424;2
19541279;118424;3
21473296;118424;4
19549920;118424;5
23259278;118681;2
23110100;118681;3
31824523;118681;4
22147221;119013;2
2208767;119568;2
13260521;119568;3
22206715;119623;2
25489865;119623;3
20523187;120506;2
23010961;120506;3
25270361;120506;4
28260101;120506;5
32715491;120506;6
34512471;120506;7
9961796;121034;2
9627755;121034;3
20813178;121952;2
24359115;121952;3
24798172;121952;4
26174272;121952;5
32650276;121952;6
19494877;122274;2
18752959;122618;2
18752963;122618;3
21869397;123037;2
27234100;123402;2
23460382;123785;2
29779890;123785;3
22090082;125407;2
23156034;126089;2
24316301;126089;3
26247781;126089;4
34138220;126089;5
21894440;126117;2
23248440;126117;3
25203880;126117;4
32854837;126117;5
2157243;127839;2
4893390;127839;3
40103178;127839;4
8113344;127839;5
13537640;127839;7
16123975;127839;8
18131799;127839;9
33617257;127839;10
37541828;127839;11
22128945;128629;2
22460377;128629;3
22460378;128629;4
23534301;128629;5
25160033;128629;6
25906360;128629;7
28105547;128629;8
30269132;128629;9
31186178;128629;10
33814737;128629;11
35186674;128629;12
36302823;128629;13
36665060;128629;14
40039827;128629;15
22428828;129925;1
23380998;129925;2
23380999;129925;3
23381005;129925;5
23381006;129925;6
23381007;129925;7
23381009;129925;8
23381012;129925;9
23381014;129925;10
20592352;130601;2
25689056;130699;2
31687423;130699;3
34702209;130699;4
23477479;131003;2
31763929;131003;3
17310157;133076;2
18748244;133797;2
22498832;133797;3
23168798;134444;2
26114250;134444;3
21533892;135343;2
24967911;136051;2
24661486;136051;3
25856470;136051;4
30375287;136051;5
23174274;136452;2
30226723;136452;3
27188596;136452;4
25590568;136765;2
31579911;136765;3
25042034;136960;2
33385088;136960;3
1264562;137007;2
767921;137007;3
767920;137007;4
767918;137007;5
767917;137007;6
23116775;137271;2
31185229;137271;3
36366505;137271;4
36898447;137271;5
23264425;137479;2
29767330;137479;3
24975595;137748;2
2454990;138405;2
2920825;138405;3
3430737;138405;4
3430907;138405;5
5071490;138405;6
6236660;138405;7
6334780;138405;8
6460099;138405;9
6613576;138405;10
6994424;138405;11
7970843;138405;12
8153169;138405;13
18691077;138405;40
18811404;138405;41
20697562;138405;43
21855315;138405;45
22245348;138405;46
22318582;138405;47
22748066;138405;48
25273121;138405;50
28364039;138405;56
29093102;138405;57
23880753;139151;2
28240129;139151;3
22718679;139232;2
21853633;139800;2
25219388;140343;2
33897336;140549;2
33897308;140549;3
33832888;140549;4
28053156;143262;2
25171645;143265;2
26847484;143265;3
23390914;143431;2
27399166;143431;3
26879148;145276;2
24817626;146340;2
17131869;146415;2
19358975;146415;3
23093367;146415;4
25451555;146415;5
28862528;146415;6
29237211;146415;7
34963526;146415;8
29237221;146415;9
25821433;146458;2
31208950;146458;3
22608846;147192;2
29090605;147192;3
30117284;148624;1
29179120;149999;2
24810191;153031;3
24810329;153031;4
24810403;153031;5
28650500;153790;2
32446959;153790;3
26208875;154618;2
23448889;155026;2
25464248;155026;3
26047438;155275;2
26760091;155275;3
29483403;155275;4
29966062;155275;5
34001654;156786;2
25155205;156885;2
25155215;156885;3
25155225;156885;4
25858836;156972;2
31323449;156972;3
27207602;157484;2
13279076;157484;3
25792974;158309;2
32055198;158970;2
13633702;160684;2
15984035;160684;3
17452258;160684;4
18275074;160684;5
20722062;160684;6
22575447;160684;7
38217114;160870;2
38217124;160870;3
38217141;160870;4
38217162;160870;5
38907962;160870;6
26118981;161248;2
26404752;161248;3
26146811;161666;2
30145666;162088;2
28006096;162088;3
28006109;162088;4
28006110;162088;5
23168984;162419;2
26250147;162419;3
28472165;162500;2
28164461;162981;2
31446485;162981;3
25916095;163924;5
22313620;164647;2
25952323;165346;2
27374015;165346;3
28912565;165346;4
35124025;166161;2
40091861;166161;4
26148688;167193;2
35084084;168100;2
38390771;168100;3
16150830;168176;2
16150831;168176;3
37688046;168176;4
26078884;169165;2
28114641;169166;2
6782465;171685;2
6782468;171685;3
8496901;171685;4
10783217;171685;5
10184345;171685;6
10184403;171685;7
15748529;171685;8
15748535;171685;9
28815482;171685;10
23383896;171685;11
23243695;171685;12
23243709;171685;13
26779739;172076;2
30150701;172809;2
35251468;172809;3
38332472;172809;4
28495917;174117;2
28526703;174117;3
28765143;174117;4
29847740;174117;5
30516250;174117;6
31345024;174117;7
28954112;174324;2
34211260;174324;3
38363882;174324;4
27028188;175497;2
29239806;175497;3
30247584;175497;4
32922678;175497;5
30831335;177407;2
34313751;177407;3
39844203;177407;4
23783832;177595;2
25506341;177595;3
33253585;177827;2
34857261;177827;3
36448897;177827;4
38748749;177827;5
27812452;179515;2
33123371;179515;3
25782797;180421;2
24889889;180924;2
29246244;183036;2
35261941;184428;2
35261977;184428;3
31538614;186873;2
31538647;186873;3
31346958;187435;1
34094311;187435;2
25526538;191917;2
29491462;191917;3
32863932;192810;2
32283608;192821;2
35023786;192821;3
36332410;192821;4
36669769;193501;2
36669777;193501;3
24548630;194949;2
25882728;195131;2
29742945;195131;3
32616908;195131;4
32616913;195131;5
32616918;195131;6
31133972;195572;2
35109612;195572;3
30155189;195629;2
33521515;195629;3
31302424;197923;2
34050917;198489;2
36621586;198489;3
31351222;198520;2
33897630;200268;2
22313920;200426;2
33648745;200426;3
34598118;201794;2
24136445;201927;1
36390008;204540;2
38495103;204540;3
35555060;206866;2
30628688;207379;2
33139735;207379;3
35603935;208753;2
35272885;209145;2
35169810;210275;1
36166685;210275;2
36166731;210275;3
36634136;210275;4
36051946;211735;2
38491485;211735;3
39282216;211735;4
32859157;212019;2
31849590;215656;2
35991193;217361;2
18710367;218509;2
18776590;218509;3
18930364;218509;4
19395524;218509;5
19395387;218509;6
20742680;218509;7
20871546;218509;8
21422277;218509;9
21797933;218509;11
29337027;218653;2
31825063;218653;3
31825073;218653;4
36618578;218653;5
169872;40322;3
303472;40339;2
303460;40339;3
298730;40339;4
303454;40339;5
103815;40339;6
303455;40339;7
201341;40340;2
201342;40340;3
7993;40340;4
7983;40340;5
201345;40340;6
7979;40340;7
7998;40340;8
7980;40340;9
7981;40340;10
7999;40340;11
7987;40340;12
99085;40340;13
7976;40340;14
8001;40340;15
140138;40340;16
7994;40340;17
130352;40340;18
58092;40340;19
2856130;40340;20
6177411;40340;21
8702912;40340;22
91477;40346;2
91476;40346;3
91478;40346;4
91479;40346;5
99383;40346;6
17683;40346;7
91474;40346;8
91475;40346;9
927979;40346;10
3475161;40346;11
6585201;40346;12
12216302;40346;14
19486421;40346;15
22249640;40346;16
23106013;40346;17
13978;40365;2
13981;40365;3
2200913;40365;4
7711273;40365;5
10081055;40365;6
13996;40366;2
13980;40366;3
13979;40366;4
13999;40369;2
176789;40369;3
24784;40371;2
24779;40371;3
24782;40371;4
24781;40371;5
97962;40375;2
97960;40375;3
446946;40375;4
2880573;40375;5
95914;40382;2
95910;40382;3
95913;40382;4
169875;40390;2
169879;40390;3
169871;40390;4
61965;40398;2
491076;40398;3
238937;40398;4
829807;40398;5
1017597;40398;6
491095;40398;7
61923;40398;8
24871;40398;9
61927;40398;10
176494;40400;2
176534;40400;3
116564;40400;4
116561;40400;5
116560;40400;6
116562;40400;7
116567;40400;8
1583121;40400;9
23719231;40400;10
30329;40408;2
30332;40408;3
30333;40408;4
1039182;40408;5
77735;40419;2
77736;40419;3
504369;40419;4
77738;40419;5
77739;40419;6
77740;40419;7
77741;40419;8
77742;40419;9
77743;40419;10
77732;40419;11
7106681;40419;12
12269981;40419;13
35382980;40419;14
324505;40442;2
125333;40442;3
366784;40442;4
125337;40442;5
125332;40442;6
324506;40442;7
324508;40442;8
363362;40442;9
7089;40442;10
363392;40442;11
815401;40442;12
363388;40442;13
363391;40442;14
363355;40442;15
363405;40442;16
343177;40442;17
363406;40442;18
363394;40442;19
363420;40442;20
363361;40442;21
366790;40442;22
363421;40442;23
363350;40442;24
363359;40442;25
125335;40442;26
125341;40442;27
286582;40442;28
363422;40442;29
363402;40442;30
363424;40442;31
125340;40442;32
302871;40442;33
366782;40442;34
363393;40442;35
363360;40442;36
125336;40442;37
363404;40442;38
363357;40442;39
363353;40442;40
363352;40442;41
363389;40442;42
343437;40442;43
343182;40442;44
343179;40442;45
363401;40442;46
363349;40442;47
363356;40442;48
125339;40442;49
363403;40442;50
363390;40442;51
125338;40442;52
125347;40442;53
125344;40442;54
8286;40448;1
412088;40448;2
995961;40448;3
92538;40448;4
687393;40448;5
1376818;40448;6
438268;40448;7
13176;40448;8
14060;40448;9
439854;40448;11
459222;40448;12
1310325;40448;13
1309729;40448;14
8966;40449;8
13810;40473;2
149302;40473;3
13813;40473;4
22867;40562;2
28669;40610;2
28661;40610;3
36347162;40646;1
33439;40646;2
33445;40646;3
33440;40646;4
136862;40646;5
33442;40646;6
33438;40646;7
33437;40646;8
33436;40646;9
2001935;40646;10
4615457;40646;11
6367212;40646;12
6957009;40646;13
8801482;40646;14
11796251;40646;15
15811630;40646;16
18051941;40646;17
22544406;40646;18
25621455;40646;19
28439435;40646;20
30346650;40646;21
37833491;40646;23
64217;40650;7
34484;40650;13
34534;40650;28
34528;40652;2
64385;40652;3
28186;40736;2
561456;40736;3
2120932;40736;4
4556058;40736;5
587582;40739;2
44688;40739;3
645023;40739;4
44687;40739;5
181439;40836;2
202632;40836;3
181426;40836;4
181423;40836;5
181424;40836;6
181432;40836;7
181425;40836;8
181431;40836;9
59250;40836;10
181437;40836;11
181427;40836;12
1020421;40836;13
59263;40838;2
59264;40838;3
13662;40909;2
13667;40909;3
13661;40909;4
13659;40909;5
13658;40909;6
68429;40910;2
2767793;40910;3
10803121;40910;4
16065004;40910;5
18739426;40910;6
23947089;40910;7
8695;40957;2
8694;40957;3
6091075;40957;4
569429;40957;5
6359434;40957;6
71864;40990;2
71863;40990;3
71870;40990;4
71869;40990;5
82553;40990;6
71867;40990;7
2159225;40996;2
6164358;40996;3
84073;40999;2
137970;40999;3
771712;40999;4
519548;40999;5
519546;40999;6
92718;41059;2
92719;41059;3
224500;41087;2
103983;41087;3
175004;41087;4
542414;41087;5
94319;41087;6
1821571;41087;7
6566616;41087;8
8435445;41087;9
17465455;41087;10
34007967;41087;11
35617418;41087;12
129313;41110;2
2304317;41110;3
20518811;41110;4
102853;41142;2
1603125;41142;3
13226456;41142;4
285208;41235;2
147844;41335;2
147842;41335;3
8396337;41335;4
18249280;41335;5
22395433;41335;6
238968;41419;2
616694;41419;3
1189399;41419;4
2170903;41419;5
176802;41447;2
13994;41447;3
25300956;41452;2
33396914;41452;3
179565;41459;2
60177;41459;3
116597;41459;4
179639;41459;5
179668;41459;6
560637;41459;7
548260;41459;8
135288;41459;9
765301;41459;10
60179;41459;11
87294;41459;12
533690;41459;13
765300;41459;14
775440;41487;2
1103543;41487;3
775436;41487;4
225781;41487;5
186569;41487;6
442554;41487;7
442556;41487;8
6409152;41487;9
7885589;41487;10
589897;41494;2
330110;41494;3
589898;41494;4
474111;41494;5
338593;41494;6
338580;41494;7
40422;41494;8
828196;41494;9
338585;41494;10
2329272;41494;11
643809;41494;12
338586;41494;14
2352390;41494;15
330122;41494;16
338591;41494;17
828210;41494;18
828192;41494;19
338590;41494;20
338598;41494;21
338608;41494;22
338582;41494;23
338601;41494;24
1775684;41494;24
203659;41532;2
1718577;41532;3
2169506;41572;2
6393972;41572;3
17165913;41572;4
2113443;41637;2
3198692;41637;3
6338964;41637;4
2187538;41656;2
827611;41659;2
827612;41659;3
409717;41681;2
7171859;41681;4
248482;41718;2
248470;41718;3
6407514;41718;4
346222;41722;2
384354;41722;3
256598;41725;2
298568;41725;3
1395209;41725;4
2330711;41725;5
6097180;41725;6
7882883;41725;7
9513722;41725;8
10157066;41725;9
12236872;41725;10
15818358;41725;11
6282143;41725;12
17612517;41725;13
23454;41759;2
68378;41759;3
263172;41778;2
263148;41778;3
263171;41778;4
2051840;41778;5
5111039;41778;6
6937878;41778;7
7312324;41778;8
10890463;41778;9
271356;41806;2
435239;41806;3
3114281;41806;4
7042102;41806;5
8850945;41806;6
279671;41844;2
279664;41844;3
279669;41844;4
279672;41844;5
279679;41844;6
279668;41844;7
279665;41844;8
279670;41844;9
279680;41844;10
279667;41844;11
279666;41844;12
285206;41859;2
295654;41931;2
295651;41931;3
295650;41931;4
295652;41931;5
3026017;41931;6
6024712;41931;7
7811727;41931;8
10172939;41931;9
13224631;41931;10
17165939;41931;11
20256594;41931;12
92845;41934;2
15561;41934;3
34942;41934;4
15564;41934;5
6202861;41934;6
2321296;41971;2
5152561;41971;3
6368610;41971;4
6368611;41971;5
4499214;42059;2
333938;42065;2
333947;42065;3
333920;42065;4
78418;42069;2
438492;42069;3
65119;42069;4
131123;42069;5
172327;42069;6
150037;42069;7
65118;42069;8
324277;42069;9
297792;42069;10
65111;42069;11
65110;42069;12
65112;42069;13
2282133;42114;2
2802316;42114;3
5996153;42114;4
6479259;42114;5
6527740;42114;6
367367;42225;2
552347;42225;3
552349;42225;4
461627;42225;5
367390;42225;6
148205;42225;7
552344;42225;8
148206;42225;9
498192;42225;10
74297;42225;11
148207;42225;12
74292;42225;13
343579;42225;14
148241;42225;15
74294;42225;16
74290;42225;17
2241143;42225;18
5248440;42225;19
384353;42275;2
384356;42275;3
1871863;42442;2
7787857;42442;3
106129;42479;3
106131;42479;4
47881;42479;5
47878;42479;6
2854962;42479;7
498497;42652;2
365090;42652;3
501910;42662;2
1839075;42662;3
5955666;42662;4
6550815;42662;5
8448478;42662;6
114955;42742;2
227865;42742;3
114954;42742;4
37586;42742;5
2179276;42742;6
7005865;42742;7
9307674;42742;8
215543;42782;2
536982;42782;3
215541;42782;4
147801;42782;5
215542;42782;6
215540;42782;7
215539;42782;8
1729146;42782;9
4415692;42782;10
385742;42783;2
385706;42783;3
319644;42783;4
537070;42783;5
563309;42838;2
563308;42838;3
270641;42839;2
135433;42839;3
6124224;42839;4
649514;42877;2
6318426;42877;3
17165898;42877;4
53168;42919;2
164718;42919;3
164721;42919;4
861539;42919;5
2164409;42919;6
2169313;42919;7
3029879;42919;8
6147366;42919;9
6556261;42919;10
590125;42923;2
8680025;42923;3
358355;42925;2
187315;42925;3
1327767;42925;4
8008715;42925;6
295834;42939;2
176326;42939;3
112879;42939;4
668710;42939;5
2073686;42939;6
4769651;42939;7
6757893;42939;8
12822875;42939;9
47620;42967;2
47619;42967;3
47618;42967;4
17206;42967;5
2049823;42967;6
6657648;42967;7
613939;42990;2
3002302;42990;3
6339053;42990;4
7971985;42990;5
13546423;42990;6
11181274;42990;7
32605337;42990;8
920219;43017;2
920218;43017;3
920217;43017;4
2208744;43117;2
5933646;43117;3
6390465;43153;2
7669259;43153;3
14069;43272;2
91989;43272;3
129510;43272;4
891593;43272;5
7038489;43272;6
12069434;43272;7
16156292;43272;8
20404555;43272;9
1474473;43299;2
751369;43299;3
751370;43299;4
751371;43299;5
1913275;43299;6
784911;43365;2
2146957;43365;3
5217282;43365;4
7243142;43365;5
122468;43377;2
122482;43377;3
144349;43436;2
127823;43436;3
144350;43436;4
1524173;43436;5
1814843;43436;6
2836109;43436;7
5201089;43436;8
6348045;43436;9
7592279;43436;10
11309018;43436;11
5454;43498;2
5452;43498;3
5453;43498;4
9461872;43498;5
1191449;43504;2
428039;43504;3
40158;43514;2
40159;43514;3
6527841;43514;4
8306741;43514;5
11503920;43514;6
106085;43537;2
2753843;43537;3
6267237;43537;4
7747263;43537;5
9578590;43537;6
10814946;43537;7
58890;43551;2
58894;43551;3
58893;43551;4
24093;43552;2
153792;43552;3
153782;43552;4
47573;43559;2
13139;43579;2
33676;43579;3
1829709;43579;4
3393124;43579;5
6431790;43579;6
7201913;43579;7
11946245;43579;8
22208238;43579;9
963508;43678;2
27000;43680;2
27001;43680;3
26999;43680;4
27002;43680;5
8131227;43680;6
13001274;43680;7
13617248;43680;8
34197390;43688;2
972188;43696;2
3249541;43696;3
8875620;43696;4
11349454;43696;5
1446826;43743;2
4617762;43743;3
10412949;43743;7
16100368;43743;8
17570996;43743;9
519933;43763;2
47572;43763;3
47525;43763;4
13759;43763;5
34281;43763;6
34286;43764;2
439275;43768;2
93728;43768;3
93729;43768;4
93731;43768;5
93726;43768;6
85993;43768;7
85989;43768;8
1301153;43768;9
3474186;43768;10
23215471;43768;11
10572;43790;2
62291;43790;3
13497;43790;4
10664113;43790;5
12111823;43790;6
6382055;43790;7
234184;43803;2
43892;43803;3
253058;43803;4
761732;43803;5
121127;43803;6
5038;43803;7
43893;43803;8
43887;43803;9
43884;43803;10
604803;43803;11
153785;43815;2
153795;43815;3
153800;43815;4
624716;43864;2
1083382;43864;3
1721146;43864;4
6441528;43864;5
6441527;43864;6
519048;43889;2
280277;43889;3
277191;43889;4
277190;43889;5
116343;43904;2
64105;43904;3
27692;43904;4
336410;43904;5
444314;43922;2
444315;43922;3
444316;43922;4
13835;43928;2
13830;43928;3
13837;43928;4
7967;43963;2
8648;43963;3
31360;43963;4
2871839;43977;2
6113686;43977;3
7327214;43977;4
11199165;43977;5
15986068;43977;6
47642;44000;2
47625;44000;4
47627;44000;5
47622;44000;6
286136;44025;2
1211904;44025;3
3329289;44025;4
6580970;44025;5
185287;44144;2
123512;44144;3
30335;44249;2
30336;44249;3
30337;44249;4
3189901;44249;5
6509143;44249;6
8088201;44249;7
12924153;44249;8
13642647;44249;9
13815;44298;2
317504;44298;3
24963;44420;3
222576;44420;4
119324;44427;2
18122;44427;3
28195;44451;2
2325825;44451;3
24768;44452;2
24765;44452;3
493456;44452;4
37825397;44452;5
38362765;44452;6
38363071;44452;7
38363124;44452;8
1582996;44457;2
3777732;44457;3
6752378;44457;4
8755776;44457;5
8755785;44457;6
153779;44532;2
2964700;44532;3
9531;44533;2
555500;44533;3
6582080;44533;4
10552088;44533;5
3392898;44552;2
6081980;44552;3
51428;44586;2
127459;44586;3
92769;44605;2
92762;44605;3
5801741;44689;2
6940291;44689;3
18298645;44689;4
6594657;44709;2
9666870;44709;3
13927;44771;2
13925;44771;3
2917816;44771;4
7839024;44771;5
13542560;44771;6
65094;44816;4
6383800;44816;7
31450941;44816;9
45978;44866;2
2248573;44866;3
7664041;44866;4
26152839;44866;5
2470390;44873;2
2470411;44873;3
5944682;44873;4
47624;44888;2
334643;44888;3
28594830;44888;5
355917;44897;2
355916;44897;3
1375896;44897;4
4935682;44897;5
7355137;44897;6
11984131;44897;7
6043849;44939;2
7540092;44939;3
5155532;45071;2
7573098;45071;3
133772;45098;2
6354623;45098;3
1215032;45262;2
21032488;45262;3
428036;45270;2
3407703;45270;3
5047880;45284;2
6686092;45284;3
6686101;45284;4
8811134;45284;5
8811139;45284;6
26082351;45284;7
36039308;45284;8
36298754;45284;9
6333646;45293;2
7487564;45293;3
13549535;45293;4
18186704;45293;5
3485562;45320;2
6366110;45320;3
7740659;45320;4
26114421;45320;5
32484454;45320;6
289695;45321;2
6178354;45321;3
1809465;45336;2
3293821;45336;3
6578293;45336;4
7823678;45336;5
11254250;45336;6
13563669;45336;7
17733898;45336;8
21535019;45336;9
25222064;45336;10
30051627;45336;11
34735291;45336;12
133664;45545;2
29394;45545;3
346087;45545;4
2903736;45545;5
6316821;45545;6
3552023;45556;2
5861926;45556;3
5972040;45556;4
6255144;45556;5
6389704;45556;6
6545536;45556;8
6697305;45556;9
7182899;45556;10
9465845;45556;11
2238093;45625;2
5989515;45625;3
6681614;45689;2
8068431;45689;3
6076413;45690;2
13432327;45690;3
2402971;45732;2
4588949;45732;3
6693332;45732;4
8458018;45732;5
8519822;45732;6
3754016;45765;2
3754026;45765;3
3899465;45802;2
7130745;45802;3
9758788;45802;4
12861406;45802;5
15944410;45802;6
18198687;45802;7
17571245;45802;8
6333584;45939;2
7049405;45939;3
9728144;45939;4
2475768;45940;2
6185409;45940;3
13531506;45940;4
15829770;45940;5
6407550;46208;2
7199136;46208;3
11045423;46208;4
13118885;46208;5
15757055;46208;6
16059444;46208;7
17910122;46208;8
22238209;46208;9
28220807;46208;10
28601023;46208;11
6100204;46311;2
7981459;46311;3
8428064;46343;2
11454587;46343;3
6965998;46429;2
12291646;46429;3
6371117;46516;2
6600807;46516;3
8835897;46516;4
10710406;46516;5
7826116;46550;2
9918083;46550;3
8288246;46604;2
8884616;46604;3
7965123;46783;2
7602235;46783;3
7549828;46795;2
9768518;46795;3
515587;46807;2
129312;46807;3
780866;46807;4
129311;46807;5
129308;46807;6
18490638;46807;7
23168743;46807;8
26108695;46807;9
7801229;46819;2
9409469;46819;3
8069828;46819;4
7696564;46823;2
10479340;46823;3
32869811;46823;4
8572704;46916;2
7775755;47004;2
9955669;47004;3
13260751;47004;4
7740152;47052;2
9369720;47052;3
12716010;47052;4
24909485;47052;5
7747064;47329;2
8685612;47329;3
9659607;47329;4
8677937;47396;2
12019355;47396;3
13508217;47396;4
16704220;47396;5
20868595;47396;6
22559712;47396;7
22559726;47396;8
8274537;48207;2
9635657;48207;3
13545345;48207;4
13547289;48207;5
16074748;48207;6
18689810;48207;7
20011917;48207;8
21411911;48207;9
25074598;48207;10
28953846;48207;11
34228074;48207;12
8659601;48329;2
12971616;48329;3
15861491;48329;4
19346451;48329;5
24488476;48329;6
27161189;48329;7
17332218;49075;2
34002132;49075;3
17250966;49075;4
17250967;49075;5
17250969;49075;6
17250971;49075;7
17250974;49075;8
17250973;49075;9
17250985;49075;10
7791997;49088;2
10637766;49088;3
12751687;49088;4
156770;49106;2
125407;49106;3
125411;49106;4
125408;49106;5
77147;49109;2
77148;49109;3
77149;49109;4
407813;49119;1
77366;49119;2
565593;49153;2
104571;49153;3
35992065;49153;4
77313;49195;2
229148;49198;2
229147;49198;3
229152;49198;4
229154;49198;5
229157;49198;6
229149;49198;7
229146;49198;8
229151;49198;9
229163;49198;10
229155;49198;11
229156;49198;12
10327303;49284;2
13580928;49284;3
18515291;49284;4
47906;49286;2
47907;49286;3
47905;49286;4
2664597;49286;5
6000352;49286;6
13130788;49286;7
32636;49393;2
6396822;49393;3
6466086;49393;4
18130;49403;2
77276;49403;3
151370;49403;4
24761;49403;5
140673;49491;4
499122;49491;5
400909;49491;6
101041;49491;7
6687;49497;2
92855;49525;0
189783;49525;2
15567;49525;3
393145;49587;2
393147;49587;3
2550219;49587;4
278794;49635;2
360918;49635;3
1660794;49635;4
4634352;49635;5
22363629;49635;6
26631730;49635;7
30287412;49635;8
32047504;49635;9
123203;49696;2
123199;49696;3
99738;49696;4
29537;49696;5
123202;49696;6
99751;49696;7
123201;49696;8
123205;49696;9
123200;49696;10
123217;49696;11
325466;49696;12
123206;49696;13
828063;49696;14
123209;49696;15
123207;49696;16
123211;49696;17
123208;49696;18
123204;49696;19
10822283;49861;2
16130317;49861;3
26571;49868;2
116435;49868;3
186668;49953;0
77161;49953;2
186669;49953;3
9067850;49971;2
12893742;49971;3
24764;50062;2
97090;50077;2
763489;50077;3
160859;50213;1
383923;50213;2
383921;50213;3
61181;50225;2
64467;50225;3
64466;50225;4
13167780;50225;5
11254850;50390;2
15801381;50390;3
2516188;50423;2
7693853;50423;3
10345489;50482;2
31122386;50482;3
6377125;50522;2
39884432;50522;3
13414446;50673;2
14290364;50673;3
13060608;51161;2
15822336;51161;3
18513756;51161;4
18892;51187;2
18889;51187;3
84552;51187;4
181886;51187;5
84537;51187;6
6316518;51187;7
3067189;51228;2
8653769;51228;3
7411232;51276;2
23152360;51276;3
17167166;51288;2
20613470;51288;3
18006496;51288;4
28260587;51288;5
31450852;51288;6
33590260;51288;7
6781184;51334;2
8530646;51334;3
9520360;51379;2
12127750;51379;3
12127810;51379;4
18705209;51379;5
6000355;51414;3
325416;51460;2
184032;51460;3
822377;51460;4
325423;51460;5
210852;51460;6
325414;51460;7
325451;51460;8
325415;51460;9
325448;51460;10
439126;51460;11
325418;51460;12
10421530;51545;2
11022222;51545;3
13130275;51545;4
15714133;51545;5
17448097;51545;6
373155;51781;2
462231;51781;3
435650;51781;4
462235;51781;5
462236;51781;6
3093789;51781;7
6359259;51781;8
7860809;51781;9
11310597;51781;10
14544009;51781;11
18260201;51781;12
21814336;51781;13
8841229;51870;2
10585949;51870;3
750609;51873;2
377592;51873;3
65666;51873;4
112969;51988;2
112968;51988;3
650883;51988;4
8735255;51988;5
5927462;52056;2
1678247;52121;2
1285223;52121;3
107670;52308;2
107669;52308;3
2870651;52308;4
13343752;52308;5
10546;52350;2
777396;52350;3
2330041;52350;4
26141688;52350;15
9261978;52577;2
11737314;52577;3
16101027;52577;4
18667875;52577;5
7646805;52607;2
10778410;52607;3
14780701;52607;4
18070688;52607;5
9301525;52645;2
13623856;52645;3
18090005;52645;4
15812814;52928;2
13125947;52928;3
846984;53889;2
145383;53922;2
145385;53922;3
816223;53922;4
145386;53922;5
1257271;53972;2
3720980;53972;3
6647989;53972;4
8546763;53972;5
11869038;53972;6
15699024;53972;7
17999681;53972;8
21520932;53972;9
28504482;53972;10
32828873;53972;11
10025305;54144;2
18335634;54144;3
21327;54296;7
5537014;54336;2
1156487;54413;2
2523134;54413;3
9721669;54445;2
12184913;54445;3
16092702;54445;4
22299648;54445;5
1925831;54584;2
7597778;54585;2
216160;54796;2
769515;54796;3
5391115;54854;2
6468666;54854;3
10085735;55256;2
12912433;55256;3
7824314;55805;2
14931151;55805;3
463136;55945;2
8369680;55962;2
28733;56074;25
10345927;56124;2
10345937;56124;3
28726;56126;2
6371676;56126;3
334038;56186;2
333953;56186;3
3086203;56186;4
12507214;56529;2
478666;56581;1
7199667;56682;2
12977172;56771;2
13494365;56771;3
17149088;56771;4
17149158;56771;5
6400069;57017;2
688770;57017;3
6400079;57017;4
48044;57017;5
10816908;57151;2
11431896;57151;3
364956;57193;2
364957;57193;3
364952;57193;4
364951;57193;5
364950;57193;6
364954;57193;7
364955;57193;8
364958;57193;9
364960;57193;10
662985;57193;11
364959;57193;12
364949;57193;13
364953;57193;14
364961;57193;15
662986;57193;16
1826195;57193;17
2382362;57193;18
3430775;57193;19
5071433;57193;20
6801645;57193;32
6801646;57193;33
6801601;57193;35
6801614;57193;38
7421452;57193;49
7421463;57193;50
7421460;57193;51
7421457;57193;52
7421456;57193;53
7326792;57193;54
8230496;57193;55
13547242;57193;65
15803923;57193;66
16146218;57193;67
16248068;57517;2
18635016;57517;3
22918050;57517;4
26074181;57517;5
11735983;57530;2
18710190;57530;3
6137154;57592;2
12680907;57592;3
617811;57675;2
617810;57675;3
6406017;57950;2
7095422;57950;3
7292467;57950;4
7201912;57950;5
7201911;57950;6
7292478;57950;7
7050109;57950;8
6318868;57950;9
6318867;57950;10
30141985;57950;11
458343;57989;2
458342;57989;3
5576684;57989;4
18854804;57989;5
21813486;57989;6
25179841;57989;7
2301501;58231;2
2058398;58231;3
2743031;58231;4
747552;58231;5
722270;58231;6
2220338;58231;7
295323;58521;2
1223288;58521;3
870821;58521;4
3081438;58521;5
4326206;58521;6
15723286;58635;2
20980648;58635;3
18725742;58635;4
14759334;58670;2
16045037;58670;3
13615701;58670;4
7924112;58803;2
13262797;59037;2
16075836;59037;3
724191;59090;2
1021245;59090;3
13538708;59347;2
17261183;59347;3
18961361;59347;4
18961360;59347;5
11445880;59381;2
362199;59438;2
362196;59438;3
24885716;59438;4
10483537;59502;2
11167193;59502;3
7801193;59602;2
11150044;59602;3
11465743;59603;2
11723863;59603;3
13003565;59747;2
13589152;59747;3
18667863;59747;4
21456821;59747;5
26890008;59747;6
34488586;59747;7
6793743;59830;2
8130369;59830;3
9638071;59830;4
6578909;60532;2
8614692;60532;3
13819238;60880;2
25884150;60880;3
823564;61136;2
176591;61136;3
729033;61136;4
11559200;61821;2
16054217;61821;3
16043857;61839;3
23380228;61839;4
1041257;62001;2
13206760;62018;2
13206828;62018;3
13206900;62018;4
2915;62223;2
141372;62223;3
141371;62223;4
2913;62223;5
16101026;62690;2
17620113;62690;3
141757;63057;3
152382;63099;2
152383;63099;3
152381;63099;4
436148;63099;5
1582795;63099;6
152385;63099;7
152384;63099;8
12027429;63286;2
13617556;63286;3
974195;63488;1
468788;63488;2
3359940;63614;2
6464094;63614;3
7939759;63614;4
10757817;63614;5
972782;63858;2
972783;63858;3
1161693;63858;5
1376931;63858;6
432017;63858;7
1114344;63858;8
432016;63858;9
432019;63858;10
432018;63858;11
432015;63858;12
1114345;63858;13
1728166;63858;14
3868856;63858;15
3988712;63858;16
6322503;63858;17
6639752;63858;18
7879322;64266;2
10560199;64266;3
83501;64375;2
83502;64375;3
12891107;64473;2
15985373;64473;3
9463960;64620;2
11756117;64620;3
13496575;64620;4
16110382;64620;5
18047809;64620;6
20894732;64620;7
18746776;64643;2
3112309;64707;2
11737264;64707;3
383618;64753;2
20861087;65770;2
12988089;65809;2
16074409;65809;3
20759481;65809;4
25232816;65809;5
27158739;65809;6
33921998;65809;7
15241;66175;2
18512;66175;3
15799164;66580;2
12812550;67386;2
13618440;67386;3
13101795;67472;2
15756337;67472;3
15703770;67722;2
17667561;67722;3
13406329;67764;2
17063691;67764;3
18801978;67764;4
22546129;67764;5
23497854;67764;6
23497890;67764;7
11021753;67765;2
13485266;67844;2
13611114;67844;3
14637237;67844;4
14637467;67844;5
14622482;67882;2
23283214;67882;3
10065;67972;2
15673;67972;3
607612;68032;2
234972;68032;3
22047295;68288;2
22047299;68288;3
19822;68290;2
12926132;68332;2
22529349;68332;3
8507450;68640;2
1134510;68826;2
761359;68826;3
495473;69034;2
2610426;69034;3
14979;69629;2
225243;69629;3
12959558;69814;2
13253276;69828;2
14288998;69828;3
13138734;70002;2
13138736;70002;3
756687;70098;2
1183061;70098;3
13149420;70277;2
1047997;70361;2
13260670;71516;2
13260668;71516;3
22733616;71516;4
27272698;71516;5
32762917;71516;6
32762937;71516;7
10065348;71837;2
13012638;71837;3
13327471;72095;2
13557624;72095;3
16126082;72095;4
17458339;72095;5
17610619;72095;6
22369001;72095;7
17611146;72095;8
26832003;72095;9
28802356;72095;10
31987113;72095;11
31987354;72095;12
381102;72709;1
85730;72709;2
402022;72709;3
312081;72834;2
295809;72834;3
312077;72834;4
312080;72834;5
312082;72834;6
312083;72834;7
12468288;72945;2
13570486;72945;3
694942;73135;2
13549953;73135;3
17347389;73675;2
17378508;73675;3
17378527;73675;4
6148028;73758;2
7260188;73758;3
13646459;74225;3
2116706;74304;2
6614192;74304;3
26764;74605;2
17859267;74605;3
16202167;74686;2
15954541;74686;3
13511041;75752;2
13618444;75752;3
16237166;75752;4
17567159;75752;5
39980;75837;2
6469790;75837;3
13516335;75942;2
30986682;75942;3
23164983;76161;2
30312891;76298;2
13541056;76298;3
278261;76445;8
8532164;78625;2
13596185;78625;3
17797268;78637;2
23770294;78637;3
15757366;78781;2
17345616;78781;3
21130121;78781;4
17978510;78781;5
47520;80111;2
2173611;80111;3
30968579;80177;2
30978517;80177;3
33542220;80177;4
33542244;80177;5
83503;80371;2
474794;80371;3
13645235;80817;2
15704379;80817;3
15704386;80817;4
177945;80956;1
61963;80956;2
61931;80956;3
17722973;81462;2
20706320;81462;3
24968392;81462;4
23611997;81462;5
32940857;81462;6
14781171;81758;2
17333781;81758;3
16085457;82039;2
15713352;82164;4
5460223;82164;7
16150999;82164;8
27904311;82212;2
28006120;82212;3
13513407;82559;3
13496452;82677;2
15829923;82677;3
632941;84064;2
11644019;84232;2
15778675;84232;3
8230710;84905;2
9749876;84905;3
12757163;84905;4
15878646;84905;5
17932429;84905;6
18634834;84905;7
22140022;84905;8
22140065;84905;9
39694937;84905;10
17736216;85794;2
22616443;85794;3
9207752;86001;2
10408721;86001;3
10408722;86001;4
11100147;86001;5
11100146;86001;6
12320503;86001;7
12662782;86001;8
13259266;86001;9
13259267;86001;10
15850976;86479;2
16180048;86479;3
15986094;87040;2
17203275;87079;2
17796518;87331;2
15991959;87380;2
20498467;87380;3
25094569;87380;4
30038935;87380;5
12621488;87521;2
15726564;87521;3
16182998;87521;4
28544052;87970;2
28544053;87970;3
17252254;89474;2
9513660;89769;2
18398797;89909;2
23006161;89909;3
25174916;89909;4
25174926;89909;5
17331269;90226;2
18599640;90226;3
22535397;90226;4
25315039;90226;5
16131484;90548;2
16131489;90548;3
7180321;91633;2
21798049;92022;2
26110280;93073;2
15993071;93298;2
16034400;93298;3
31367833;93410;5
456920;93546;2
13321684;93696;2
17162767;93859;2
16101024;93965;2
23735633;93965;3
15764039;94334;2
19140641;94334;3
17202329;94334;4
17069962;94714;2
17465737;95034;2
16161170;95039;1
16179436;95039;2
16179446;95039;3
17263581;95775;2
18163310;95775;3
18163314;95775;4
6342483;96465;2
6527941;96465;3
7815817;96465;4
8697584;96465;5
12174312;96465;6
17281919;96784;2
17348771;96784;3
17672152;96784;4
17899116;96784;5
18076700;96784;6
18283670;96784;7
18523585;96784;8
18583137;96784;9
18749463;96784;10
20619696;96784;11
21393717;96784;12
22024829;96784;13
22435567;96784;14
22853157;96784;15
23242519;96784;16
23610331;96784;17
16248123;96935;2
18334269;96935;3
17968674;97040;2
18404957;97040;3
25272178;97040;4
18479538;97106;2
22583619;97106;3
20359719;97134;2
17410991;97134;3
19077452;97533;2
17666943;97533;3
17311571;97562;2
17372309;97562;3
23367130;97864;2
18106948;97864;3
22475700;97864;4
17333113;98259;2
18291435;98259;3
17449197;98634;2
22447220;98634;3
17563080;99557;2
21457243;99557;3
22062202;99557;4
22062213;99557;5
35463752;99557;6
1661390;44552;1
6581334;51334;1
333939;42065;1
29917362;128879;1
382870;62001;1
32281026;177407;1
8667848;61821;1
473869;54336;1
13496;43790;1
231012;50060;5
231012;49339;15
3682;44586;1
8090;49119;
8962;40449;1
39963;75837;1
16299991;96784;1
798518;68826;1
6676264;82559;1
13642;40909;1
8306745;50390;1
33574273;49403;1
33574273;97895;1
768878;49393;1
177928;40398;1
77160;49953;1
8235178;56124;1
10744752;87040;1
28588350;200268;1
22500587;140343;1
545765;51781;1
545765;51797;3
23127048;155275;1
428042;45270;1
7507944;64643;1
13831;43928;1
13831;50262;
13831;118185;4
623976;45320;1
23119672;126089;1
25605562;165346;1
15704515;86479;1
30165203;114135;
227651;40339;1
1175147;50674;1
1175147;142685;
1175147;49347;1
19358045;125783;1
6936382;121034;1
9378297;56529;1
625662;55637;
625662;82112;
23298383;217135;1
64401;42225;1
20742955;100787;1
13986;56070;1
13986;50054;27
13986;56074;1
249747;42742;1
36020119;210863;1
77197;41452;1
77197;89770;1
77197;54099;1
23017804;136051;1
1463307;74304;1
26831034;199807;1
2420340;51276;1
248483;59381;1
27259009;149670;1
227331;41637;1
17304193;110269;1
619891;43017;1
6304335;46766;1
41424;164261;
27234091;123402;1
35711572;163896;1
105657;55391;1
105657;55386;4
7823800;51893;1
19446810;164647;1
373009;63488;2
11918;40463;1
17281447;114485;1
21821700;194949;1
596963;50522;1
18849943;120506;1
2880;51700;1
24957205;93054;1
295649;41931;1
872333;43537;1
810881;42652;1
27837381;172809;1
675614;42066;1
15796469;93298;1
11715276;62690;1
22877148;121833;6
22877148;122262;1
21872574;137479;1
13625827;80817;1
29246230;183036;1
1819625;53180;1
17792558;109070;1
12925274;201927;0
18377623;145944;1
15867231;96605;1
229145;49198;1
20527595;118343;1
444313;43922;1
7180320;91633;1
454004;84064;1
33640121;169016;3
22605642;137950;1
6310;49497;1
227778;42479;2
244572;43763;1
36669755;193501;1
8931525;182162;9
8931525;40574;1
21783571;191166;1
8256;40448;10
8256;94095;
36381037;62018;1
20801439;131003;1
256683;44457;1
20662728;44888;4
20662728;195520;0
7171637;54144;1
16142253;90902;1
23718561;143265;1
458341;57989;1
11886571;227501;1
16178;42877;1
23624565;208450;1
363037;53633;4
47587;43559;1
26597690;200426;1
38217083;160870;1
198581;51414;1
643298;61540;1
1961402;51414;2
8490112;67386;1
589979;44298;1
589979;49642;5
13928;44771;1
25451852;156786;1
36219054;231504;1
150739;40390;1
34387848;211735;1
34282;43764;1
26106229;161248;1
723801;43864;1
9466833;59502;1
22933008;179515;1
20996178;123785;1
389627;45336;1
21272707;162419;1
13335037;57530;1
6054449;48207;1
123408;41235;1
632579;41806;1
15829015;93859;1
185289;44144;1
100464;166161;1
669570;43117;1
201054;42839;1
703323;41681;1
61975;40323;1
61975;50060;1
61975;49339;16
26799796;156972;1
259836;41759;1
259836;49318;1
259836;166540;1
28541;43987;1
28541;49339;18
28541;50060;3
172734;41419;1
16077824;89474;1
30656121;169016;2
234225;45935;1
234225;106170;10
53770;45935;3
161887;217993;1
68427;87970;1
68427;135117;
15796812;98259;1
16173625;70361;1
24337;230312;1
34094906;187435;3
12180248;93410;1
12180248;163924;1
375802;43963;1
375802;65565;1
375802;119216;4
17910579;111936;1
541750;109902;1
34507;40650;3
34507;109517;1
113436;44866;1
33634667;223290;1
33634667;223291;1
10874177;58635;1
18478915;126117;1
688191;43153;1
29633502;172076;1
44652;43365;1
21326;54296;1
21326;111232;
21326;192614;1
23184825;151293;1
1134023;51988;1
183660;230312;2
11421250;69814;1
2454986;138405;1
7251081;89769;1
6487308;47052;1
41899;82851;
13453604;67844;1
16148608;91126;1
32930611;139151;1
33379357;113177;1
419783;44041;1
23874411;153031;1
153784;43815;1
153784;50262;
153784;118185;14
33897359;140549;1
45181;50077;1
18777760;121833;1
18777760;122513;1
1675216;45802;1
210250;42442;1
210250;58546;1
25753258;120981;1
23877713;98261;1
22553270;130830;1
17558916;97533;1
18382145;192190;1
271199;52811;1
29396;45545;1
1158967;139800;1
12823329;81758;1
442819;40836;1
2536134;45284;1
29502231;201794;1
23395763;148333;1
23395763;211574;6
3236307;57592;1
147843;41335;1
262430;42783;1
262430;225711;
77146;49179;
77146;49109;1
16421118;109016;1
10780523;158803;2
2915026;70756;1
23274713;137496;1
1008231;43743;1
18079804;102109;1
225038;72834;1
6096231;60532;1
6599093;53684;1
8643407;49861;1
13036759;45293;
18723722;122084;1
50;62223;1
25272670;156884;1
30334;40408;1
7069751;64620;1
6574102;49284;1
29561487;207379;1
34908;42990;1
5287473;46343;1
11368591;60880;1
28876;43272;1
48578;103254;1
6294;80111;1
35064610;168100;1
6339664;49088;1
7747374;48329;1
7747374;102416;1
4643301;46208;1
29602483;159186;1
30331;44249;1
332775;42059;1
6696602;47396;1
6696602;40350;19
6696602;220307;
28194;44451;1
187753;42923;1
17428773;65770;1
34316310;116497;1
6344423;46823;1
18281341;148592;1
8710072;84905;1
28173857;169016;1
16172345;92765;1
22455704;227909;1
1233909;137007;1
91836;40382;1
2548866;45293;1
912218;82164;1
1542833;82164;3
2195503;82164;5
1246570;82164;2
13993;40366;1
386286;43377;1
248584;63057;2
162719;119568;1
27864609;167193;1
6609744;55805;1
13533670;87079;1
12842828;71516;1
17572336;78509;1
21406444;118424;3
23448450;195131;1
3649147;45689;1
21859656;136960;1
35506358;217104;
25494343;76298;1
11500552;72095;1
3112850;45690;1
15775697;67882;1
9275658;50673;1
17282110;109520;1
35134937;218705;1
34567449;178465;1
214856;44025;1
6050678;46550;1
6593439;52963;1
23494599;146458;1
12900806;94334;1
213753;41572;1
23118840;177595;1
25968323;177626;1
13560941;93674;1
21523892;125407;1
164719;42919;1
16059426;116071;1
25148714;149715;1
15547;41934;1
153781;43552;1
153781;56730;5
153781;159076;5
28759;41448;1
28759;50054;4
28759;56074;6
13812;40473;1
13812;49642;1
13812;195730;1
769483;44897;1
15756982;97562;1
20738008;123037;1
152380;63099;1
7735333;52928;1
3173558;57950;1
563310;42838;1
249633;41722;1
249633;163317;1
15740507;101205;1
13036766;45293;
24874510;163914;1
9475;42479;1
124838;112352;
25321022;138549;1
9460487;76161;1
47613;42967;1
21459728;147192;1
12993856;82667;1
9822;87777;1
13099652;72520;1
97967;40375;1
6871358;58803;1
17994785;106494;1
14497;130921;
12576579;78781;1
17909373;114130;1
6638377;49468;
610370;51228;1
640029;54584;1
640029;90772;1
11805486;145435;1
9207753;86001;1
36653509;198520;1
47916;49286;1
47916;45610;1
16074843;108717;1
24180564;169166;1
24180566;169165;1
2342943;52056;1
16101040;89909;1
35921;40419;1
35921;66507;
35921;150939;1
6393119;46916;1
5083281;46311;1
1237398;57193;1
34521;40652;1
18000394;111619;1
11312;44420;1
11312;222353;2
29502206;100690;1
18164439;133797;1
44659;40739;1
44659;62114;3
18375237;122274;1
36320150;178466;2
35343338;178466;1
186103;50062;1
7507951;55256;1
20821011;136765;1
25699997;197923;1
6058055;53038;1
6058055;168878;1
34262;44533;1
13036777;45293;
616049;59090;1
60510;44007;1
60510;111197;1
5460222;82164;6
30211311;206866;1
20359114;144799;1
9579634;64473;1
85990;68332;1
3697927;56682;1
26836186;208753;1
9729882;107522;1
38495138;217361;1
571197;194029;1
39987865;93604;1
352270;51873;1
35277384;40646;22
107664;52308;1
285207;41859;1
11345170;72945;1
22328546;136452;1
15839976;117100;1
15707974;119013;1
7996;40340;1
7996;51930;9
13601086;160684;1
23263567;137748;1
23607791;143262;1
12393909;68303;1
298567;41725;1
23589225;151746;1
261604;46807;1
17339738;97106;1
61179;50225;1
61179;50222;
15754647;105909;1
34677679;215656;4
6015060;59830;1
6294549;171685;1
6294549;46749;1
25513940;157911;1
33299154;202430;1
6325285;98294;1
518848;44888;1
518848;195520;1
15704307;146415;1
500503;57646;1
500503;53771;1
58889;43551;1
58889;56730;1
58889;159076;1
17817939;102899;1
363042;53633;1
15826934;46343;
20927280;128629;1
279673;41844;1
477550;192765;1
366743;53633;2
17074476;95066;1
31239804;147745;1
10738238;59603;1
7741856;78625;1
21503783;111751;1
19549841;82039;1
17349181;41725;2
25782581;180421;1
35261906;184428;1
10194157;69714;1
11411118;62628;1
10046509;94714;1
25991930;157484;1
207153;59438;1
6068551;46586;1
31538635;186873;1
15779;67972;1
5577995;46394;1
603911;49635;1
603911;49397;
857920;43504;1
284440;127839;1
18049017;108525;1
5027092;54445;1
21468939;143431;1
116563;40400;1
12518734;109077;1
25135243;156747;
30968572;80177;1
64207;40322;1
29281998;191917;1
33284737;196738;1
11355875;93696;1
6135633;54585;1
6135633;90772;3
11470428;66580;1
11470428;90772;5
12558285;98634;1
26130645;175497;1
50715;53972;1
7877549;50482;1
22232;53889;1
25175898;153790;1
10401084;56771;1
47212;40346;1
136782;41087;1
363917;40610;1
6006518;46516;1
25418989;186729;1
11832135;86922;1
400878;49491;1
12505535;115672;1
18333130;95017;1
17206278;108885;1
28954137;129925;10
26208856;154618;1
18040004;110999;1
6893353;62195;1
51106;49798;
40425;41494;1
40425;213350;4
435415;49195;1
13829;44532;1
13829;50262;
13829;118185;1
17332969;103629;1
16101128;90548;1
11242368;71837;1
559398;229887;1
339026;42925;1
684780;80371;1
17402605;45732;1
334123;40838;1
13152;43579;1
183742;58231;1
78411;42069;1
25489134;198489;1
35287014;181755;1
32327701;210102;1
272895;49696;1
272895;82826;1
272895;121201;1
13549684;87422;1
25740412;195062;1
23270216;174324;1
35724871;212030;1
17199504;114498;1
30431318;224378;
13502273;76861;1
13502273;95039;3
77721;64753;1
24780;40371;1
348573;53922;1
17332556;97134;1
16292250;115066;1
18960172;75752;1
423245;87271;1
307791;40332;1
34497;40650;1
34497;109518;01
16061340;90226;1
22917;164263;
188572;49996;9
4345290;96465;1
248309;69034;1
82192;43904;1
82192;64489;1
28493287;194210;1
27796958;174117;1
81524;56186;1
83506;64375;1
92717;41059;1
10576365;168176;1
6342491;46819;1
1829655;44709;1
23300;52350;1
1400424;43696;1
91981;49188;1
91981;82376;1
91981;214148;1
463124;55945;1
7413317;86642;1
25155160;156885;1
21756993;94905;1
31433014;186531;1
1170158;40909;3
18635086;119623;1
421036;96538;1
8619814;59037;1
20635522;102899;2
6322865;46795;1
6202556;139232;1
16189172;144905;1
228665;41526;1
27003;43680;1
501909;42662;1
13982;40365;1
176327;42939;1
767326;44000;1
20639269;155026;1
12432220;67722;1
6760761;126131;1
7737900;52645;1
35820633;148624;2
20960464;101106;5
34;66175;1
34;58083;
444304;43889;1
19161852;112296;1
23000230;145276;1
68428;40910;1
68428;135117;
6806629;51870;1
1253424;52121;1
17282769;96079;1
17404695;97040;1
99714;41110;1
25846830;195629;1
21428915;75942;1
22038750;130035;1
24785;40371;
5896014;84232;1
65091;44816;1
1906030;122016;1
9166877;51161;1
10429092;57151;1
9591398;59347;1
3636;43606;1
10050155;59853;1
119322;44427;1
22013353;82657;1
179064;41718;1
9766649;67765;1
4117;69629;1
51061;72709;3
6760780;93965;1
18658714;218509;1
22393715;169192;1
12969560;96935;1
26252859;162088;1
26252859;183923;11
26094764;113991;1
366753;53633;6
386162;40957;1
5907;58083;
5907;87227;2
5907;203438;
603515;45940;1
603515;179170;1
2767052;73758;1
398479;61136;1
232102;41659;1
2038926;44873;1
1171378;50495;1
125404;49106;1
776877;40442;1
6644117;47329;1
20578940;104048;1
2272641;45071;1
584975;43299;1
2118745;44939;1
23154350;111574;1
13316328;61839;1
18004320;100839;3
10788663;107928;1
30312855;225910;1
25781691;163412;1
29127;108965;1
137972;40999;1
18490612;134444;1
17263570;95775;1
19549846;118681;1
28187;40736;1
28187;183923;1
100915;49073;1
100915;43814;2
44170;45321;1
7736182;51379;1
7736182;183923;6
30264201;192810;1
9783478;182162;1
9783478;40391;1
168525;56581;
1809175;44689;1
6101718;50834;1
28249;44134;1
2921082;45556;1
6186357;110451;1
11399934;87521;1
833710;42782;1
177250;40562;1
402045;51187;1
402045;56532;7
6457229;47004;1
13576132;101106;1
83369;40996;1
186074;45262;1
1099301;63614;1
1034516;49153;1
393146;49587;1
17938370;106151;1
10755107;74225;1
45343;45625;1
22297138;130699;1
18498270;116087;1
16155612;102917;1
10551947;59747;1
176843;40369;1
176843;131672;1
13354420;78637;1
23508588;146549;1
29474234;195572;1
128092;68032;1
444381;85173;1
38980;43768;1
11337912;65809;1
17675462;73675;1
36390016;204540;1
1166131;55394;1
7090447;49971;1
222304;41532;1
92755;44605;1
22443261;102179;1
4837032;68640;1
13024138;95034;1
60400;43436;1
31303378;193689;1
16248113;100839;1
199699;64707;1
100476;45098;1
17796526;87331;1
128518;200947;2
420415;57675;1
10507293;57517;1
232022;41656;1
13519964;92600;1
18691080;150151;1
1232;72526;1
7249522;52577;1
6316125;46783;1
452306;43498;1
2386345;49339;
2386345;50060;5
21318;49387;1
862356;49387;3
822200;50423;1
15784949;107469;1
17312201;122618;1
17312201;183923;2
17165902;61839;2
32056290;158970;1
33278849;191166;2
103386;43889;5
283022;41487;1
3598195;45939;1
29419777;210275;
25212212;173375;1
20406003;135343;1
325421;51460;1
22924634;150914;
106489;112352;
17277854;133076;1
15776615;87445;1
2800905;54854;1
6218281;46160;1
316845;57017;1
15575;49525;1
15575;43574;10
15575;99085;1
15724396;82212;1
987951;99085;
3950967;82851;
305486;49953;3
29773163;177827;1
448873;43514;1
22817757;180924;1
37509837;186531;
183656;193382;1
30261069;137271;1
26958971;201261;1
9917879;67764;1
5842021;64266;1
18127772;114939;1
11444735;112743;1
18780935;150914;
929373;73628;1
7235533;49075;1
7235533;135117;
3227063;45765;1
34209372;217169;1
34494;40650;30
34494;96852;1
694997;73135;1
694997;96039;1
153783;56730;9
153783;115293;1
153783;159076;11
1598826;80956;2
1598826;49441;2
11607446;81462;1
15997688;94454;1
17230551;101624;1
317621;56126;1
385804;70098;1
12111260;85794;1
243281;53633;5
17295263;130601;1
363036;53633;3
236093;41459;1
351023;55367;1
15954540;74686;1
20821111;104843;1
34616206;202548;1
13138635;70002;1
20696482;121952;1
5797595;46429;1
1011307;74605;1
29877833;209145;1
7896527;51288;1
20836844;205563;1
22715330;120029;1
23213811;44888;
2657;146340;1
34796986;212287;1
23445484;162500;1
71865;40990;1
20958091;137020;1
9439989;51545;1
10445208;63286;1
34197014;43688;1
34197014;50262;
34197014;118185;19
26881044;212019;1
20489361;108724;1
10508431;87380;1
1175893;43977;1
24770;44452;1
8843789;70277;1
11594257;69828;1
21399738;124010;1
30558257;192821;1
764347;43330;1
13034113;90135;1
345627;42114;1
263147;41778;1
23258641;168206;1
23246792;178008;1
674479;76445;6
22737546;158309;1
23263700;97864;1
10586539;58670;1
25170594;149999;1
3223890;101129;1
76620;93546;1
24783;49868;1
25864804;161666;1
6087756;46604;1
28091498;162981;1
36389998;204540;00
20770646;92022;1
305234;41971;1
29905702;158756;1
13836;49863;1
13836;50262;
13836;118185;10
13929;43678;1
1911138;50213;
13995;41447;1
13995;50054;31
13995;56074;10
77364;68290;1
102888;92774;1
540489;63057;1
6620466;55962;1
22047289;68288;1
6387565;52607;1
3195006;116971;
19464292;130993;1
10400575;82677;1
43889;43803;1
295305;58521;1
384355;42275;1
384355;163317;4
6370163;59602;1
1231900;54796;1
15711341;99557;1
227283;41142;1
26972183;218653;1
1542403;63316;1
1156482;54413;1
432020;63858;1
432020;69261;1
27423136;190240;2
25091986;190240;1
13494903;87412;1
23132010;93073;1
11012966;67472;1
