ISBN;zanr
9780553588484;Adult
9780553588484;Fantasy
9780553588484;Novels
9780553588484;Epic
9780553588484;Audiobook
9780553588484;Novels
9780689875342;Young Adult
9780689875342;Fantasy
9780689875342;Favorites
9780689875342;Historical
9780689875342;Fiction
9780689875342;Fiction
9780142437018;Classics
9780142437018;Favorites
9780142437018;Fiction
9780142437018;Childrens
9780142437018;Young Adult
9780553383041;Fiction
9780553383041;Favorites
9780553383041;Fantasy
9780553383041;Young Adult
9780553383041;Classics
9780440498056;Favorites
9780440498056;Fiction
9780440498056;Classics
9780440498056;Science Fiction
9780440498056;Childrens
9780440498056;Young Adult
9780689878558;Fantasy
9780689878558;Young Adult
9780689878558;Favorites
9780689878558;Fiction
9780689878558;Fantasy
9780689878558;Adventure
9780689878558;Adventure
9780517223628;Classics
9780517223628;Fantasy
9780517223628;Favorites
9780517223628;Fiction
9780517223628;Childrens
9780517223628;Young Adult
9780517223628;Adventure
9780517223628;Literature
9780517223628;Novels
9780517223628;Literature
9780517223628;19th Century
9780786817870;Fantasy
9780786817870;Young Adult
9780786817870;Favorites
9780786817870;Fiction
9780786817870;Childrens
9780316042673;Young Adult
9780316042673;Fantasy
9780316042673;Favorites
9780316042673;Fantasy
9780316042673;Romance
9780316042673;Romance
9780552554220;Fantasy
9780552554220;Fiction
9780552554220;Adventure
9780552554220;Favorites
9780552554220;Childrens
9780552554220;Young Adult
9780552554220;Childrens
9780552554220;Young Adult
B00B3Y92S8;Fantasy
B00B3Y92S8;Fiction
B00B3Y92S8;Adventure
B00B3Y92S8;Favorites
B00B3Y92S8;Childrens
B00B3Y92S8;Young Adult
B00B3Y92S8;Childrens
B00B3Y92S8;Young Adult
9780439366779;Favorites
9780439366779;Young Adult
9780439366779;Fiction
9780439366779;Childrens
9780439366779;Fantasy
9780439366779;Classics
9780142403884;Childrens
9780142403884;Fantasy
9780142403884;Fiction
9780142403884;Classics
9780142403884;Young Adult
B00H6LS59E;Fantasy
B00H6LS59E;Young Adult
B00H6LS59E;Science Fiction
B00H6LS59E;Science Fiction
B00H6LS59E;Adventure
B00H6LS59E;Adventure
9781416914280;Favorites
9781416914280;Young Adult
9781416914280;Fantasy
9781416914280;Fantasy
9781416914280;Romance
9781416914280;Fantasy
9781416914280;Fantasy
9781416914280;Fantasy
9781416975861;Favorites
9781416975861;Fantasy
9781416975861;Young Adult
9781416975861;Fantasy
9781416975861;Romance
9781416975861;Science Fiction
9781416975861;Romance
9781416975861;Romance
9780152045661;Fantasy
9780152045661;Favorites
9780152045661;Young Adult
9780152045661;Fantasy
9780152045661;Childrens
9780152045661;Fiction
9780152045661;Childrens
9780062024039;Favorites
9780062024039;Young Adult
9780062024039;Science Fiction
9780062024039;Action
9780062024039;Fiction
9780062024039;Fantasy
9780062024039;Science Fiction
9780062024039;Romance
9780062024039;Adventure
9780062024039;Young Adult
9780062024039;Action
9780062024039;Action
9781416924999;Fantasy
9781416924999;Science Fiction
9781416924999;Fantasy
9781416924999;Science Fiction Fantasy
9781416924999;Favorites
9781416924999;Fiction
9781416924999;Young Adult
9781416924999;Science Fiction Fantasy
9780812550702;Science Fiction
9780812550702;Favorites
9780812550702;Fiction
9780812550702;Young Adult
9780812550702;Fantasy
9780375826696;Fantasy
9780375826696;Favorites
9780375826696;Young Adult
9780375826696;Fiction
9780375826696;Fantasy
9780375826696;Dragons
9781590385814;Fantasy
9781590385814;Favorites
9781590385814;Young Adult
9781590385814;Fiction
9781590385814;Childrens
9781590385814;Childrens
9781590385814;Childrens
9780615524689;Fantasy
9780615524689;Paranormal
9780615524689;Young Adult
9780615524689;Fantasy
9780615524689;Paranormal
9780615524689;Fantasy
9780615524689;Young Adult
9780615524689;Favorites
9780615524689;Fiction
9780955670138;Horror
9780955670138;Gothic
9780955670138;Romance
9780955670138;New Adult
9780955670138;Fantasy
9780955670138;Paranormal
9780955670138;Vampires
9780152063962;Fantasy
9780152063962;Favorites
9780152063962;Young Adult
9780152063962;Romance
9780152063962;Fiction
9780439771344;Fantasy
9780439771344;Fiction
9780439771344;Adventure
9780439771344;Childrens
9780439771344;Young Adult
9780439771344;Favorites
9780439771344;Childrens
9780439771344;Young Adult
9780152020682;Fantasy
9780152020682;Childrens
9780152020682;Fiction
9780152020682;Favorites
9781416912279;Fantasy
9781416912279;Young Adult
9781416912279;Fantasy
9781416912279;Adventure
9781416912279;Favorites
9781416912279;Fiction
9781416912279;Adventure
9781423121305;Young Adult
9781423121305;Fantasy
9781423121305;Favorites
9781423121305;Fantasy
9781423121305;Vampires
9781423121305;Fantasy
9781423121305;Vampires
9781423121305;Paranormal
9781423121305;Vampires
9780345481283;Fantasy
9780345481283;Fantasy
9780345481283;Alternate History
9780345481283;Historical
9780345481283;Alternate History
9780345481283;Favorites
9780345481283;Fiction
9780345481283;Historical
9780345481283;Science Fiction
9780345481283;Alternate History
9780064410342;Fantasy
9780064410342;Favorites
9780064410342;Young Adult
9780064410342;Fiction
9780064410342;Fantasy
9780064410342;Romance
9780064410342;Romance
9780439709101;Favorites
9780439709101;Young Adult
9780439709101;Fantasy
9780439709101;Fiction
B018R66MRI;Fantasy
B018R66MRI;Young Adult
B018R66MRI;Favorites
B018R66MRI;Childrens
B018R66MRI;Middle Grade
9781416928065;Young Adult
9781416928065;Favorites
9781416928065;Fiction
9781416928065;Adventure
9781416928065;Fantasy
9781416928065;Magic
9781416971733;Science Fiction
9781416971733;Fiction
9781416971733;Young Adult
9781416971733;Fantasy
9781416971733;Favorites
9781416971733;Science Fiction
9781416971733;Historical
9781416971733;Fiction
9781416971733;Fiction
9780060577315;Fantasy
9780060577315;Young Adult
9780060577315;Favorites
9780060577315;Fantasy
9780060577315;Fiction
9780060577315;Fiction
9780141301068;Young Adult
9780141301068;Childrens
9780141301068;Favorites
9780141301068;Humor
9780439474290;Young Adult
9780439474290;Favorites
9780439474290;Childrens
9780439474290;Fiction
9780439474290;Fantasy
9780439474290;Juvenile
9780439474290;Childrens
9780439474290;Juvenile
9780439474290;Fantasy
9780439474290;Adventure
9780439474290;Mystery
9780439474290;Childrens
9780439474290;Juvenile
9780991531905;Young Adult
9780991531905;Favorites
9780991531905;Childrens
9780991531905;Fiction
9780991531905;Fantasy
9780991531905;Juvenile
9780991531905;Childrens
9780991531905;Juvenile
9780991531905;Fantasy
9780991531905;Adventure
9780991531905;Mystery
9780991531905;Childrens
9780991531905;Juvenile
9780439856263;Fantasy
9780439856263;Young Adult
9780439856263;Fiction
9780439856263;Favorites
9780060557812;Fantasy
9780060557812;Favorites
9780060557812;Fiction
9780060557812;Fantasy
9780060557812;Science Fiction Fantasy
9780060557812;Science Fiction Fantasy
9780345468642;Fantasy
9780345468642;Favorites
9780345468642;Fiction
9780345468642;Fantasy
9780345468642;Science Fiction Fantasy
9780345468642;Science Fiction Fantasy
9780786849079;Fantasy
9780786849079;Favorites
9780786849079;Young Adult
9780786849079;Fiction
9780786849079;Adventure
9780786849079;Childrens
9780786849079;Childrens
9780786849079;Middle Grade
9781862301382;Fantasy
9781862301382;Favorites
9781862301382;Young Adult
9781862301382;Fiction
9781862301382;Childrens
9781862301382;Adventure
9780064471831;Favorites
9780064471831;Young Adult
9780064471831;Fantasy
9780064471831;Fantasy
9780064471831;Adventure
9780064471831;Adventure
9780590554084;Fantasy
9780590554084;Young Adult
9780590554084;Favorites
9780590554084;Fiction
9780590554084;Fantasy
9780590554084;Magic
9780152047382;Childrens
9780152047382;Childrens
9780152047382;Science Fiction Fantasy
9780152047382;Science Fiction
9780152047382;Science Fiction Fantasy
9780061142024;Fantasy
9780061142024;Favorites
9780061142024;Fiction
9780451457813;Fantasy
9780451457813;Fantasy
9780451457813;Magic
9780451457813;Mystery
9780451457813;Fiction
9780451457813;Favorites
9780451457813;Fantasy
9780451457813;Magic
9780451457813;Fantasy
9780451457813;Magic
9780142401651;Young Adult
9780142401651;Favorites
9780142401651;Adventure
9780142401651;Mystery
9780142401651;Fiction
9780142401651;Fantasy
9780142401651;Young Adult
9780142401651;Humor
9780142401651;Adventure
9780142401651;Childrens
9780142401651;Mythology
9780142401651;Fantasy
9780142401651;Mythology
9780142401651;Fantasy
9780142401651;Mythology
9780439670203;Fantasy
9780439670203;Young Adult
9780439670203;Adventure
9780439670203;Favorites
9780439670203;Fiction
9780552562522;Fantasy
9780552562522;Young Adult
9780552562522;Favorites
9780552562522;Fiction
9780552562522;Fantasy
9780552562522;Magic
9780786818594;Fantasy
9780786818594;Young Adult
9780786818594;Favorites
9780786818594;Fiction
9780786818594;Fantasy
9780786818594;Magic
9780446617796;Favorites
9780446617796;Young Adult
9780446617796;Fantasy
9780446617796;Science Fiction
9780439206471;Fiction
9780439206471;Favorites
9780439206471;Childrens
9780439206471;Childrens
9780439206471;Young Adult
9780439206471;Fantasy
9780439206471;Young Adult
9780805080483;Fantasy
9780805080483;Young Adult
9780805080483;Fiction
9780805080483;Favorites
9780805080483;Childrens
9780375831003;Favorites
9780375831003;Historical
9780375831003;Young Adult
9780375831003;Fiction
9780375831003;Young Adult
9780375822742;Young Adult
9780375822742;Science Fiction
9780375822742;Fiction
9780375822742;Fantasy
9780375822742;Favorites
9780375822742;Science Fiction
9780375822742;Fiction
9780060548254;Fantasy
9780060548254;Fiction
9780060548254;Historical
9780060548254;Historical
9780060548254;Mythology
9780060548254;Historical
9780060548254;Favorites
9780060548254;Historical
9781939889126;Fantasy
9781939889126;Historical
9781939889126;Science Fiction Fantasy
9781939889126;Young Adult
9781939889126;Fiction
9781939889126;Science Fiction Fantasy
9780062272157;Fantasy
9780062272157;Childrens
9780062272157;Magic
9780062272157;Young Adult
9780062272157;Adventure
9780062272157;Favorites
9780062272157;Fantasy
9780062272157;Magic
9780812511819;Fantasy
9780812511819;Favorites
9780812511819;Fiction
9780812511819;Fantasy
9780812511819;Science Fiction Fantasy
9780812511819;Science Fiction Fantasy
9780810959255;Fantasy
9780810959255;Mystery
9780810959255;Favorites
9780810959255;Fantasy
9780810959255;Fiction
9780810959255;Childrens
9780810959255;Young Adult
9780810959255;Fiction
9780618346257;Classics
9780618346257;Fiction
9780618346257;Adventure
9780618346257;Science Fiction Fantasy
9780689859366;Fantasy
9780689859366;Childrens
9780689859366;Fiction
9780689859366;Childrens
9780689859366;Young Adult
9780689859366;Young Adult
9780385732550;Favorites
9780385732550;Fiction
9780385732550;Classics
9780385732550;Childrens
9780385732550;Science Fiction
9780385732550;Young Adult
9780385732550;Young Adult
9780679879244;Favorites
9780679879244;Young Adult
9780679879244;Fiction
9780679879244;Childrens
9780679879244;Adventure
9780679879244;Science Fiction
9780679879244;Science Fiction
9780679879244;Magic
9780679879244;Science Fiction Fantasy
9780679879244;Classics
9780679879244;Fantasy
9780679879244;Magic
9781582349909;Fantasy
9781582349909;Favorites
9781582349909;Young Adult
9781582349909;Fantasy
9781582349909;Fiction
9781582349909;Romance
9781582349909;Fiction
9780060530921;Fantasy
9780060530921;Favorites
9780060530921;Young Adult
9780060530921;Fiction
9780060530921;Horror
9780060530921;Fantasy
9780060530921;Childrens
9780060530921;Childrens
9780345391803;Science Fiction
9780345391803;Favorites
9780345391803;Fiction
9780345391803;Humor
9780345391803;Fantasy
9780345391803;Classics
9780618260300;Adventure
9780618260300;Young Adult
9780618260300;Science Fiction Fantasy
9780618260300;Fantasy
9780618260300;Childrens
9780618260300;Childrens
9780375838941;Fantasy
9780375838941;Young Adult
9780375838941;Favorites
9780375838941;Adventure
9780375838941;Fantasy
9780375838941;Fiction
9780375838941;Fiction
9780439023481;Favorites
9780439023481;Young Adult
9780439023481;Fiction
9780439023481;Science Fiction
9780439023481;Science Fiction
9780439023481;Fantasy
9780439023481;Science Fiction
9780451450524;Fantasy
9780451450524;Favorites
9780451450524;Fiction
9780451450524;Classics
9780451450524;Young Adult
9780451450524;Childrens
9780786838653;Fantasy
9780786838653;Favorites
9780786838653;Young Adult
9780786838653;Fantasy
9780786838653;Fiction
9780786838653;Fiction
9780060764890;Fantasy
9780060764890;Classics
9780060764890;Favorites
9780060764890;Fiction
9780060764890;Young Adult
9780060764890;Childrens
9780803731530;Fantasy
9780803731530;Young Adult
9780803731530;Favorites
9780803731530;Fiction
9780307711779;Fantasy
9780307711779;Favorites
9780307711779;Young Adult
9780307711779;Fantasy
9780307711779;Urban Fantasy
9780307711779;Fiction
9780307711779;Adventure
9780307711779;Childrens
9780307711779;Urban Fantasy
9780307711779;Mythology
9780307711779;Urban Fantasy
9780307711779;Childrens
9780307711779;Fantasy
9780307711779;Urban Fantasy
9780441010288;Young Adult
9780441010288;Favorites
9780441010288;Fantasy
9780441010288;Fiction
9780441010288;Mythology
9780441010288;Arthurian
9780545100755;Mystery
9780545100755;Adventure
9780545100755;Young Adult
9780545100755;Favorites
9780545100755;Fiction
9780545100755;Childrens
9780545100755;Childrens
9780545100755;Action
9780545100755;Fantasy
9780545100755;Childrens
9780545100755;Action
9780545100755;Action
9780385737944;Young Adult
9780385737944;Favorites
9780385737944;Science Fiction
9780385737944;Science Fiction
9780385737944;Science Fiction
9780743437318;Young Adult
9780743437318;Favorites
9780743437318;Fantasy
9780743437318;Fiction
9780743437318;Science Fiction
9780345350497;Fantasy
9780345350497;Favorites
9780345350497;Fiction
9780345350497;Historical
9780345350497;Science Fiction Fantasy
9780345350497;Mythology
9780345350497;Science Fiction Fantasy
9780345350497;Science Fiction Fantasy
9780316057776;Favorites
9780316057776;Mystery
9780316057776;Young Adult
9780316057776;Fiction
9780316057776;Fantasy
9780316057776;Childrens
9780316057776;Adventure
9780316057776;Childrens
9780316057776;Middle Grade
9780756404079;Fantasy
9780756404079;Favorites
9780756404079;Fiction
9780756404079;Fantasy
9780756404079;Epic Fantasy
9780525457589;Fantasy
9780525457589;Favorites
9780525457589;Classics
9780525457589;Fiction
9780525457589;Young Adult
9780525457589;Childrens
9780345418265;Fantasy
9780345418265;Science Fiction Fantasy
9780345418265;Young Adult
9780345418265;Favorites
9781423113386;Fantasy
9781423113386;Favorites
9781423113386;Young Adult
9781423113386;Fantasy
9781423113386;Adventure
9781423113386;Adventure
9780142406632;Favorites
9780142406632;Fiction
9780142406632;Childrens
9780142406632;Young Adult
9780142406632;Fantasy
9780142406632;Young Adult
9780006753995;Classics
9780006753995;Fiction
9780006753995;Fantasy
9780006753995;Historical
9780006753995;Young Adult
9780006753995;Mythology
9780006753995;Young Adult
9780006753995;Favorites
9780006753995;Childrens
9780006753995;Young Adult
9780060824976;Fantasy
9780060824976;Young Adult
9780060824976;Favorites
9780060824976;Fiction
9780060824976;Adventure
9780060824976;Historical
9780060824976;Historical Fiction
9780060012380;Fantasy
9780060012380;Favorites
9780060012380;Young Adult
9780060012380;Fiction
9780060012380;Humor
9780142401200;Mystery
9780142401200;Favorites
9780142401200;Young Adult
9780142401200;Fiction
9780142401200;Childrens
9780142401200;Classics
9780142401200;Childrens
9780142401200;Middle Grade
9780140621679;Classics
9780140621679;Fantasy
9780140621679;Fiction
9780140621679;Childrens
9780140621679;Favorites
9780374480097;Fantasy
9780374480097;Favorites
9780374480097;Young Adult
9780374480097;Classics
9780374480097;Fiction
9780374480097;Childrens
9780689865381;Young Adult
9780689865381;Favorites
9780689865381;Science Fiction
9780689865381;Science Fiction
9780689865381;Science Fiction
9780380395866;Classics
9780380395866;Favorites
9780380395866;Fiction
9780380395866;Fantasy
9780380395866;Young Adult
9780380395866;Animals
9781416903437;Fantasy
9781416903437;Young Adult
9781416903437;Favorites
9781416903437;Fantasy
9781416903437;Fiction
9781416903437;Fiction
9780553381696;Fantasy
9780553381696;Favorites
9780553381696;Fiction
9780553381696;Fantasy
9780553381696;Epic Fantasy
9780061870934;Fantasy
9780061870934;Young Adult
9780061870934;Favorites
9780061870934;Adventure
9780061870934;Fiction
9780061870934;Fantasy
9780061870934;Mythology
9780812550283;Fantasy
9780812550283;Fiction
9780812550283;Fantasy
9780812550283;Favorites
9780812550283;Favorites
9780812550283;Fantasy
9780812550283;Favorites
9780812550283;Fiction
9780812550283;Fantasy
9780812550283;Epic Fantasy
9780812550283;Fantasy
9780812550283;Favorites
9780812550283;Fiction
9780812550283;Fantasy
9780812550283;Epic Fantasy
9780553582024;Fantasy
9780553582024;Fiction
9780553582024;Favorites
9780553582024;Fantasy
9780553582024;Science Fiction Fantasy
9780553582024;Science Fiction Fantasy
9789896370268;Fantasy
9789896370268;Favorites
9789896370268;Fantasy
9789896370268;High Fantasy
9780552552646;Fantasy
9780552552646;Young Adult
9780552552646;Fiction
9780552552646;Favorites
9780552552646;Humor
9780440936855;Young Adult
9780440936855;Fiction
9780440936855;Fantasy
9780440936855;Favorites
9780440936855;Childrens
9780765325952;Fantasy
9780765325952;Favorites
9780765325952;Fiction
9780765325952;Fantasy
9780765325952;High Fantasy
9780765325952;Fantasy
9780765325952;High Fantasy
9789896370206;Fantasy
9789896370206;Favorites
9789896370206;Fantasy
9789896370206;High Fantasy
9780553573428;Favorites
9780553573428;Fiction
9780553573428;Fantasy
9780553573428;Science Fiction Fantasy
9780553573428;Fantasy
9780553573428;Science Fiction Fantasy
9780440401582;Fantasy
9780440401582;Young Adult
9780440401582;Fiction
9780440401582;Science Fiction
9780440401582;Science Fiction Fantasy
9780440401582;Childrens
9780440401582;Favorites
9780440487616;Fantasy
9780440487616;Young Adult
9780440487616;Fiction
9780440487616;Science Fiction
9780440487616;Favorites
9780440487616;Childrens
9780152055035;Fantasy
9780152055035;Young Adult
9780152055035;Fiction
9780152055035;Favorites
9780152055035;Fantasy
9780152055035;Urban Fantasy
9780152055035;Fantasy
9780152055035;Urban Fantasy
9780152049119;Fantasy
9780152049119;Young Adult
9780152049119;Fiction
9780152049119;Fantasy
9780152049119;Favorites
9780152049119;Fantasy
9780152049119;Favorites
9780152049119;Favorites
9780152047702;Fantasy
9780152047702;Young Adult
9780152047702;Fiction
9780152047702;Fantasy
9780152047702;Favorites
9780152047702;Fantasy
9780152047702;Favorites
9780152047702;Favorites
9780142419236;Fantasy
9780142419236;Young Adult
9780142419236;Fiction
9780142419236;Favorites
9780142419236;Mythology
9780142419236;Arthurian
9780060278250;Fantasy
9780060278250;Young Adult
9780060278250;Favorites
9780060278250;Fiction
9780345419354;Science Fiction
9780345419354;Fantasy
9780345419354;Favorites
9780345419354;Fiction
9780345419354;Science Fiction Fantasy
9780345419354;Fantasy
9780345419354;Favorites
9780007524273;Young Adult
9780007524273;Science Fiction
9780007524273;Science Fiction
9780007524273;Favorites
9780007524273;Fiction
9780007524273;Science Fiction
9780440208143;Fantasy
9780440208143;Young Adult
9780440208143;Fiction
9780440208143;Science Fiction
9780451460288;Fantasy
9780451460288;Fiction
9780451460288;Historical
9780451460288;Favorites
9780451460288;Mythology
9780451460288;Favorites
9780451460288;Historical
9780451460288;Favorites
9781401323585;Science Fiction
9781401323585;Fiction
9781401323585;Humor
9781401323585;Fantasy
9780446545242;Favorites
9780446545242;Young Adult
9780446545242;Fantasy
9780446545242;Science Fiction
9780991531936;Fantasy
9780991531936;Young Adult
9780991531936;Paranormal
9780991531936;Favorites
9780991531936;Fantasy
9780991531936;Favorites
9780991531936;Favorites
9780803731561;Fantasy
9780803731561;Young Adult
9780803731561;Favorites
9780803731561;Fiction
9780142407387;Young Adult
9780142407387;Adventure
9780142407387;Favorites
9780142407387;Fiction
9780142407387;Action
9780142407387;Spy Thriller
9780142407387;Espionage
9780439842976;Fantasy
9780439842976;Young Adult
9780439842976;Fantasy
9780439842976;Young Adult Fantasy
9780439842976;Favorites
9780439842976;Fiction
9780439842976;Young Adult
9780439842976;Young Adult Fantasy
9780316123525;Young Adult
9780316123525;Fantasy
9780316123525;Favorites
9780316123525;Fantasy
9780316123525;Romance
9780316123525;Romance
9780316077057;Young Adult
9780316077057;Fantasy
9780316077057;Favorites
9780316077057;Fantasy
9780316077057;Romance
9780316077057;Romance
9780316123532;Young Adult
9780316123532;Fantasy
9780316123532;Favorites
9780316123532;Fantasy
9780316123532;Fiction
9780316123532;Romance
9780316123532;Fantasy
9780316123532;Fiction
9780316123532;Fantasy
9780316123532;Fiction
9780316123532;Fiction
9781416971757;Science Fiction
9781416971757;Historical Fiction
9781416971757;Young Adult
9781416971757;Favorites
9781416971757;Fantasy
9781416971757;Science Fiction
9781416971757;Historical
9781416971757;Historical Fiction
9780545060448;Mystery
9780545060448;Favorites
9780545060448;Adventure
9780545060448;Childrens
9780545060448;Childrens
9780545060448;Middle Grade
9780803734739;Fantasy
9780803734739;Young Adult
9780803734739;Favorites
9780803734739;Romance
9780803734739;Fiction
9780345481306;Fantasy
9780345481306;Fantasy
9780345481306;Historical
9780345481306;Historical
9780345481306;Historical
9780345481306;Fiction
9780345481306;Science Fiction
9780345481306;Historical
9780345481306;Historical
9780689869112;Fantasy
9780689869112;Young Adult
9780689869112;Favorites
9780689869112;Science Fiction
9780689869112;Adventure
9780689869112;Fiction
9780689869112;Childrens
9780689869112;Young Adult
9780689869112;Time Travel
9780689869112;Young Adult
9780689869112;Time Travel
9780689869112;Science Fiction
9780689869112;Time Travel
9780345522894;Fantasy
9780345522894;Fantasy
9780345522894;Historical
9780345522894;Historical
9780345522894;Historical
9780345522894;Fiction
9780345522894;Science Fiction
9780345522894;Historical
9780345522894;Historical
9780451459879;Fantasy
9780451459879;Fantasy
9780451459879;Paranormal
9780451459879;Mystery
9780451459879;Fiction
9780451459879;Favorites
9780451459879;Fantasy
9780451459879;Paranormal
9780375814693;Fantasy
9780375814693;Young Adult
9780375814693;Favorites
9780375814693;Fiction
9780955670152;Horror
9780955670152;Paranormal
9780955670152;Historical
9780955670152;Romance
9780955670152;Gothic
9780955670152;Romance
9780955670152;Historical
9780955670152;Fantasy
9780955670152;Historical
9780955670152;Historical
9780955670121;Horror
9780955670121;Romance
9780955670121;Romance
9780955670121;Historical
9780955670121;Gothic
9780955670121;Fantasy
9780955670121;Historical
9780955670121;Historical
9780590554114;Fantasy
9780590554114;Young Adult
9780590554114;Favorites
9780590554114;Fantasy
9780590554114;Young Adult Fantasy
9780590554114;Fiction
9780590554114;Young Adult
9780590554114;Young Adult Fantasy
9780375826726;Fantasy
9780375826726;Favorites
9780375826726;Young Adult
9780375826726;Fantasy
9780375826726;Fiction
9780375826726;Fiction
9780152046927;Fantasy
9780152046927;Young Adult
9780152046927;Favorites
9780152046927;Fantasy
9780152046927;Childrens
9780152046927;Fiction
9780152046927;Childrens
9780061051586;Fiction
9780061051586;Humor
9780061051586;Favorites
9780064473453;Fantasy
9780064473453;Young Adult
9780064473453;Favorites
9780064473453;Fiction
9780064473453;Fantasy
9780064473453;Magic
9780345335708;Fantasy
9780345335708;Fiction
9780345335708;Favorites
9780345335708;Fantasy
9780345335708;Science Fiction Fantasy
9780345335708;Science Fiction Fantasy
9780439023498;Young Adult
9780439023498;Science Fiction
9780439023498;Adventure
9780439023498;Fantasy
9780439023498;Science Fiction
9780439023498;Romance
9780439023498;Adventure
9780439023498;Young Adult
9780439023498;Science Fiction
9780439023498;Adventure
9780439023498;Fantasy
9780439023498;Science Fiction
9780439023498;Romance
9780439023498;Adventure
B01L746I6C;Young Adult
B01L746I6C;Fantasy
B01L746I6C;Childrens
B01L746I6C;Adventure
9780451463173;Fantasy
9780451463173;Paranormal
9780451463173;Fantasy
9780451463173;Favorites
9780451463173;Fiction
9780451463173;Mystery
9780451463173;Fantasy
9780451463173;Paranormal
9780142404126;Childrens
9780142404126;Fantasy
9780142404126;Fiction
9780142404126;Classics
9780439846653;Fantasy
9780439846653;Young Adult
9780439846653;Favorites
9780439846653;Fiction
9780439846653;Fantasy
9780439846653;Magic
9780439545280;Fantasy
9780439545280;Young Adult
9780439545280;Fiction
9780439545280;Favorites
9780439545280;Childrens
9780439545280;Fantasy
9780439545280;Magic
9780439545303;Fantasy
9780439545303;Young Adult
9780439545303;Favorites
9780439545303;Fiction
9780439545303;Childrens
9780439545266;Fantasy
9780439545266;Young Adult
9780439545266;Favorites
9780439545266;Fiction
9780439545266;Childrens
9781405248235;Fantasy
9781405248235;Young Adult
9781405248235;Fiction
9781405248235;Fantasy
9781405248235;Childrens
9781405248235;Childrens
9780439846691;Fantasy
9780439846691;Young Adult
9780439846691;Favorites
9780439846691;Fiction
9780439846691;Childrens
9780807218983;Fantasy
9780807218983;Young Adult
9780807218983;Fiction
9780807218983;Childrens
9780807218983;Favorites
9780765304742;Science Fiction
9780765304742;Fiction
9780765304742;Favorites
9780765304742;Fantasy
9780765304742;Science Fiction Fantasy
9781416914297;Favorites
9781416914297;Fantasy
9781416914297;Young Adult
9781416914297;Fantasy
9781416914297;Urban Fantasy
9781416914297;Romance
9781416914297;Fantasy
9781416914297;Urban Fantasy
9781442403543;Favorites
9781442403543;Fantasy
9781442403543;Young Adult
9781442403543;Fantasy
9781442403543;Romance
9781442403543;Romance
9781416914303;Fantasy
9781416914303;Young Adult
9781416914303;Fantasy
9781416914303;Urban Fantasy
9781416914303;Fantasy
9781416914303;Urban Fantasy
9781481426305;Favorites
9781481426305;Fantasy
9781481426305;Young Adult
9781481426305;Fantasy
9781481426305;Romance
9781481426305;Romance
9781442416864;Favorites
9781442416864;Fantasy
9781442416864;Young Adult
9781442416864;Fantasy
9781442416864;Romance
9781442416864;Romance
9780061561559;Fantasy
9780061561559;Young Adult
9780061561559;Fiction
9780061561559;Fantasy
9780061561559;Favorites
9780061561559;Favorites
9781416975885;Fantasy
9781416975885;Young Adult
9781416975885;Romance
9781416975885;Fantasy
9781416975885;Steampunk
9781416975885;Science Fiction
9781416975885;Steampunk
9781406321340;Favorites
9781406321340;Fantasy
9781406321340;Young Adult
9781406321340;Romance
9781406321340;Fantasy
9781406321340;Paranormal
9780451464408;Fantasy
9780451464408;Fantasy
9780451464408;Magic
9780451464408;Favorites
9780451464408;Fiction
9780451464408;Mystery
9780451464408;Fantasy
9780451464408;Magic
9780451464408;Fantasy
9780451464408;Magic
9780590396561;Fantasy
9780590396561;Young Adult
9780590396561;Favorites
9780590396561;Fiction
9780590396561;Fantasy
9780590396561;Young Adult Fantasy
9780590396561;Young Adult
9780590396561;Young Adult Fantasy
9780399250569;Young Adult
9780399250569;Favorites
9780399250569;Adventure
9780399250569;Action
9780399250569;Spy Thriller
9780399250569;Fiction
9780399250569;Fiction
9780312864590;Fantasy
9780312864590;Fiction
9780312864590;Fantasy
9780312864590;Favorites
9780312864590;Favorites
9780345522863;Fantasy
9780345522863;Fantasy
9780345522863;Historical
9780345522863;Historical
9780345522863;Historical
9780345522863;Science Fiction
9780345522863;Historical
9780345522863;Fiction
9780345522863;Historical
9780590554107;Fantasy
9780590554107;Young Adult
9780590554107;Favorites
9780590554107;Fiction
9780590554107;Fantasy
9780590554107;Young Adult Fantasy
9780590554107;Young Adult
9780590554107;Young Adult Fantasy
9780061242427;Fantasy
9780061242427;Favorites
9780061242427;Fantasy
9780061242427;Dragons
9780061242427;Fiction
9780061242427;Young Adult
9780061242427;Childrens
9780061242427;Childrens
9780061242427;Dragons
9780061242427;Adventure
9780061242427;Fantasy
9780061242427;Dragons
9780061242427;Fantasy
9780061242427;Dragons
9780451460912;Fantasy
9780451460912;Favorites
9780451460912;Fiction
9780451460912;Mystery
9780451460912;Fantasy
9780451460912;Magic
9780451460912;Fantasy
9780451460912;Magic
9780451460912;Fantasy
9780451460912;Magic
9780451459404;Fantasy
9780451459404;Fantasy
9780451459404;Magic
9780451459404;Fiction
9780451459404;Mystery
9780451459404;Favorites
9780451459404;Fantasy
9780451459404;Magic
9780451459404;Fantasy
9780451459404;Magic
9780152049423;Fantasy
9780152049423;Young Adult
9780152049423;Favorites
9780152049423;Fiction
9780152049423;Fantasy
9780152049423;Urban Fantasy
9780152049423;Fantasy
9780152049423;Urban Fantasy
9780345363312;Fantasy
9780345363312;Fiction
9780345363312;Favorites
9780345363312;Fantasy
9780345363312;Epic Fantasy
B00SB52E0K;Fantasy
B00SB52E0K;Abandoned
B00SB52E0K;Young Adult
B00SB52E0K;Abandoned
B00SB52E0K;Abandoned
9781423121312;Young Adult
9781423121312;Fantasy
9781423121312;Favorites
9781423121312;Fantasy
9781423121312;Vampires
9781423121312;Fantasy
9781423121312;Vampires
9781423121312;Romance
9781423121312;Paranormal
9781423121312;Vampires
9781423121312;Young Adult
9781423121312;Fantasy
9781423121312;Favorites
9781423121312;Fantasy
9781423121312;Vampires
9781423121312;Fantasy
9781423121312;Vampires
9781423121312;Romance
9781423121312;Paranormal
9781423121312;Vampires
9788711418734;Young Adult
9788711418734;Fantasy
9788711418734;Favorites
9788711418734;Fantasy
9788711418734;Vampires
9788711418734;Fantasy
9788711418734;Vampires
9788711418734;Romance
9788711418734;Paranormal
9788711418734;Vampires
9788711418734;Young Adult
9788711418734;Fantasy
9788711418734;Favorites
9788711418734;Fantasy
9788711418734;Vampires
9788711418734;Fantasy
9788711418734;Vampires
9788711418734;Romance
9788711418734;Paranormal
9788711418734;Vampires
9788711418734;Young Adult
9788711418734;Fantasy
9788711418734;Favorites
9788711418734;Fantasy
9788711418734;Vampires
9788711418734;Fantasy
9788711418734;Vampires
9788711418734;Romance
9788711418734;Paranormal
9788711418734;Vampires
9788711418734;Young Adult
9788711418734;Fantasy
9788711418734;Favorites
9788711418734;Fantasy
9788711418734;Vampires
9788711418734;Fantasy
9788711418734;Vampires
9788711418734;Romance
9788711418734;Paranormal
9788711418734;Vampires
9788711418734;Young Adult
9788711418734;Fantasy
9788711418734;Favorites
9788711418734;Fantasy
9788711418734;Vampires
9788711418734;Fantasy
9788711418734;Vampires
9788711418734;Romance
9788711418734;Paranormal
9788711418734;Vampires
9788711418734;Young Adult
9788711418734;Fantasy
9788711418734;Favorites
9788711418734;Fantasy
9788711418734;Vampires
9788711418734;Fantasy
9788711418734;Vampires
9788711418734;Romance
9788711418734;Paranormal
9788711418734;Vampires
9788711418734;Young Adult
9788711418734;Fantasy
9788711418734;Favorites
9788711418734;Fantasy
9788711418734;Vampires
9788711418734;Fantasy
9788711418734;Vampires
9788711418734;Romance
9788711418734;Paranormal
9788711418734;Vampires
9783442267743;Young Adult
9783442267743;Fantasy
9783442267743;Favorites
9783442267743;Fantasy
9783442267743;Vampires
9783442267743;Fantasy
9783442267743;Vampires
9783442267743;Romance
9783442267743;Paranormal
9783442267743;Vampires
9783492286176;Young Adult
9783492286176;Fantasy
9783492286176;Favorites
9783492286176;Fantasy
9783492286176;Vampires
9783492286176;Fantasy
9783492286176;Vampires
9783492286176;Romance
9783492286176;Paranormal
9783492286176;Vampires
9780142419250;Fantasy
9780142419250;Fantasy
9780142419250;Magic
9780142419250;Young Adult
9780142419250;Mythology
9780142419250;Magic
9780142419250;Fantasy
9780142419250;Magic
9780399245442;Fantasy
9780399245442;Fiction
9780399245442;Young Adult
9780399245442;Animals
9780399245442;Adventure
9780575081444;Fantasy
9780575081444;Fiction
9780575081444;Fantasy
9780575081444;Epic Fantasy
9781421976952;Classics
9781421976952;Childrens
9781421976952;Fantasy
9780345480309;Fantasy
9780345480309;Science Fiction
9780345480309;Fantasy
9780345480309;Science Fiction Fantasy
9780345480309;Fiction
9780345480309;Science Fiction Fantasy
9780345480286;Fantasy
9780345480286;Science Fiction
9780345480286;Fantasy
9780345480286;Science Fiction Fantasy
9780345480286;Fiction
9780345480286;Science Fiction Fantasy
9780345462008;Fantasy
9780345462008;Science Fiction
9780345462008;Fantasy
9780345462008;Fiction
9780345462008;Fiction
9781423346999;Fantasy
9781423346999;Science Fiction
9781423346999;Fantasy
9781423346999;Fiction
9781423346999;Fiction
9780689860065;Fantasy
9780689860065;Favorites
9780689860065;Fantasy
9780689860065;Fiction
9780689860065;Young Adult
9780689860065;Science Fiction Fantasy
9780689860065;Favorites
9780345484260;Fantasy
9780345484260;Science Fiction
9780345484260;Fantasy
9780345484260;Science Fiction Fantasy
9780345484260;Fiction
9780345484260;Favorites
9780345484260;Science Fiction Fantasy
9780345491169;Fantasy
9780345491169;Science Fiction
9780345491169;Fantasy
9780345491169;Fiction
9780345491169;Fiction
9780345491145;Fantasy
9780345491145;Science Fiction
9780345491145;Fantasy
9780345491145;Fiction
9780345491145;Fiction
9780345335081;Fantasy
9780345335081;Science Fiction
9780345335081;Fantasy
9780345335081;Science Fiction Fantasy
9780345335081;Fiction
9780345335081;Science Fiction Fantasy
9780440917199;Young Adult
9780440917199;Fiction
9780440917199;Fantasy
9780440917199;Mystery
9780440917199;Childrens
9780593053614;Fantasy
9780593053614;Science Fiction
9780593053614;Fantasy
9780593053614;Dragons
9780893662134;Science Fiction
9780893662134;Fantasy
9780893662134;Favorites
9780893662134;Fiction
9780893662134;Science Fiction Fantasy
9780893662134;Favorites
9780517287774;Fantasy
9780517287774;Science Fiction
9780517287774;Fantasy
9780517287774;Fiction
9780517287774;Fiction
9780689860072;Fantasy
9780689860072;Science Fiction
9780689860072;Fantasy
9780689860072;Science Fiction Fantasy
9780689860072;Favorites
9780689860072;Fiction
9780689860072;Young Adult
9780689860072;Science Fiction Fantasy
9780689860072;Fantasy
9780689860072;Science Fiction
9780689860072;Fantasy
9780689860072;Science Fiction Fantasy
9780689860072;Favorites
9780689860072;Fiction
9780689860072;Young Adult
9780689860072;Science Fiction Fantasy
9780439436564;Fantasy
9780439436564;Young Adult
9780439436564;Fiction
9780439436564;Favorites
9780439436564;Adventure
9780142406137;Young Adult
9780142406137;Favorites
9780142406137;Adventure
9780142406137;Fiction
9780142406137;Action
9780142406137;Spy Thriller
9780142406137;Espionage
9780765329059;Science Fiction
9780765329059;Fiction
9780765329059;Favorites
9780765329066;Science Fiction
9780765329066;Fiction
9780765329066;Favorites
9780765329042;Science Fiction
9780765329042;Fiction
9780765329042;Favorites
9780375840401;Fantasy
9780375840401;Young Adult
9780375840401;Favorites
9780375840401;Fantasy
9780375840401;Fiction
9780375840401;Fiction
9781416903376;Fantasy
9781416903376;Young Adult
9781416903376;Favorites
9781416903376;Fiction
9781416903376;Fantasy
9781416903376;Magic
9780345496874;Fantasy
9780345496874;Fantasy
9780345496874;Historical
9780345496874;Historical
9780345496874;Historical
9780345496874;Fiction
9780345496874;Science Fiction
9780345496874;Historical
9780345496874;Historical
9780345300782;Fantasy
9780345300782;Fiction
9780345300782;Favorites
9780345300782;Fantasy
9780345300782;Science Fiction Fantasy
9780345300782;Science Fiction Fantasy
9780765342409;Science Fiction
9780765342409;Favorites
9780765342409;Fiction
9780765342409;Young Adult
9780765342409;Fantasy
9780765342409;Science Fiction Fantasy
9781582349060;Fantasy
9781582349060;Young Adult
9781582349060;Favorites
9781582349060;Fiction
9781582349060;Romance
9780060855901;Fantasy
9780060855901;Fiction
9780060855901;Humor
9781741662092;Fantasy
9781741662092;Favorites
9781741662092;Young Adult
9781741662092;Adventure
9781741662092;Fiction
9780380821211;Fantasy
9780380821211;Humor
9780380821211;Fiction
9780399242090;Fantasy
9780399242090;Young Adult
9780399242090;Fiction
9780399242090;Animals
9780399242090;Adventure
9781416951179;Young Adult
9781416951179;Science Fiction
9781416951179;Favorites
9781416951179;Science Fiction
9781416951179;Favorites
9780316036191;Favorites
9780316036191;Young Adult
9780316036191;Fantasy
9780316036191;Science Fiction
9780552153256;Fantasy
9780552153256;Fiction
9780552153256;Humor
9780552153256;Favorites
9780803734616;Fantasy
9780803734616;Favorites
9780803734616;Young Adult
9780803734616;Romance
9780803734616;Fiction
9780060577360;Fantasy
9780060577360;Young Adult
9780060577360;Favorites
9780060577360;Fantasy
9780060577360;Fiction
9780060577360;Fiction
9780451458124;Fantasy
9780451458124;Fantasy
9780451458124;Favorites
9780451458124;Mystery
9780451458124;Fiction
9780451458124;Fantasy
9780451458124;Favorites
9780451458124;Favorites
9781599901671;Fantasy
9781599901671;Young Adult
9781599901671;Favorites
9781599901671;Fiction
9781599901671;Fantasy
9781599901671;Fairy Tales
9780061242458;Fantasy
9780061242458;Young Adult
9780061242458;Fantasy
9780061242458;Middle Grade
9780061242458;Fiction
9780061242458;Childrens
9780061242458;Middle Grade
9780547418063;Fantasy
9780547418063;Young Adult
9780547418063;Fiction
9780547418063;Favorites
9780385732567;Science Fiction
9780385732567;Childrens
9780385732567;Fiction
9780385732567;Favorites
9780385732567;Childrens
9780385732567;Childrens
9780385732567;Childrens
9780451463791;Fantasy
9780451463791;Fantasy
9780451463791;Paranormal
9780451463791;Favorites
9780451463791;Fiction
9780451463791;Mystery
9780451463791;Fantasy
9780451463791;Paranormal
9780688149789;Fantasy
9780688149789;Classics
9780688149789;Childrens
9780688149789;Fiction
9780060502935;Fantasy
9780060502935;Fiction
9780060502935;Favorites
9780060502935;Humor
9780061561580;Fantasy
9780061561580;Young Adult
9780061561580;Fiction
9780061561580;Favorites
9780061561580;Fantasy
9780061561580;Magic
9781416971771;Science Fiction
9781416971771;Historical Fiction
9781416971771;Young Adult
9781416971771;Favorites
9781416971771;Fantasy
9781416971771;Science Fiction
9781416971771;Historical
9781416971771;Historical Fiction
B00OZAEYTY;Science Fiction
B00OZAEYTY;Historical Fiction
B00OZAEYTY;Young Adult
B00OZAEYTY;Favorites
B00OZAEYTY;Fantasy
B00OZAEYTY;Science Fiction
B00OZAEYTY;Historical
B00OZAEYTY;Historical Fiction
9780451458445;Fantasy
9780451458445;Fantasy
9780451458445;Magic
9780451458445;Mystery
9780451458445;Fiction
9780451458445;Fantasy
9780451458445;Magic
9780451458445;Fantasy
9780451458445;Magic
9780439791434;Fantasy
9780439791434;Favorites
9780439791434;Fiction
9780439791434;Young Adult
9780439791434;Childrens
9780439791434;Middle Grade
9780439656245;Fantasy
9780439656245;Favorites
9780439656245;Young Adult
9780439656245;Fiction
9780439656245;Adventure
9780439656245;Childrens
9780439656245;Middle Grade
9780439791465;Fantasy
9780439791465;Favorites
9780439791465;Young Adult
9780439791465;Fiction
9780439791465;Adventure
9780439791465;Childrens
9780439791465;Middle Grade
9780439650762;Fantasy
9780439650762;Young Adult
9780439650762;Fiction
9780439650762;Adventure
9780439650762;Childrens
9780439650762;Audiobook
9780439650762;Childrens
9780439650762;Favorites
9780439650762;Childrens
9780439650762;Audiobook
9780439650762;Science Fiction Fantasy
9780439650762;Audiobook
9780439703703;Fantasy
9780439703703;Young Adult
9780439703703;Fiction
9780439703703;Favorites
9781590388983;Fantasy
9781590388983;Favorites
9781590388983;Young Adult
9781590388983;Fiction
9781590388983;Adventure
9780345352668;Fantasy
9780345352668;Fiction
9780345352668;Favorites
9780345352668;Fantasy
9780345352668;Science Fiction Fantasy
9780345352668;Science Fiction Fantasy
9780061020643;Fantasy
9780061020643;Fiction
9780061020643;Favorites
9780061020643;Humor
9780061020643;Humor
9780061020643;Comedy
9781741663020;Fiction
9781741663020;Young Adult
9781741663020;Fantasy
9781741663020;Childrens
9781741663020;Middle Grade
9780441014361;Fantasy
9780441014361;Young Adult
9780441014361;Fiction
9780441014361;Favorites
9780441014361;Animals
9780441014361;Adventure
9780152049416;Fantasy
9780152049416;Young Adult
9780152049416;Favorites
9780152049416;Fantasy
9780152049416;Magic
9780552154284;Favorites
9780552154284;Humor
9780552154284;Humor
9780552154284;Comedy
9780061477959;Fantasy
9780061477959;Favorites
9780061477959;Fiction
9780061477959;Young Adult
9780061477959;Fantasy
9780061477959;Childrens
9780061477959;Childrens
9780385611077;Fantasy
9780385611077;Young Adult
9780385611077;Fiction
9780385611077;Favorites
9780385611077;Humor
9788804639923;Fantasy
9788804639923;Fiction
9788804639923;Favorites
9781338151510;Young Adult
9781338151510;Science Fiction
9781338151510;Science Fiction
9781338151510;Dystopia
9780689878565;Fantasy
9780689878565;Young Adult
9780689878565;Favorites
9780689878565;Fiction
9780689878565;Fantasy
9780689878565;Magic
9780545060462;Mystery
9780545060462;Adventure
9780545060462;Favorites
9780545060462;Young Adult
9780545060462;Fiction
9780375856112;Favorites
9780375856112;Young Adult
9780375856112;Fantasy
9780375856112;Magic
9780375856112;Fiction
9780375856112;Fantasy
9780375856112;Magic
9781905294718;Favorites
9781905294718;Fiction
9781905294718;Young Adult
9781905294718;Fantasy
9781905294718;Adventure
9780439554008;Fantasy
9780439554008;Young Adult
9780439554008;Adventure
9780439554008;Childrens
9780439554008;Fantasy
9780439554008;Magic
9780007442911;Young Adult
9780007442911;Favorites
9780007442911;Science Fiction
9780007442911;Fantasy
9780007442911;Fiction
9780007442911;Fantasy
9780061056901;Young Adult
9780061056901;Favorites
9780061056901;Science Fiction
9780061056901;Fantasy
9780061056901;Fiction
9780061056901;Fantasy
9780545060509;Mystery
9780545060509;Adventure
9780545060509;Favorites
9780545060509;Young Adult
9780545060509;Fiction
9780552154161;Humor
9780552154161;Humor
9780552154161;Fantasy
9780552154161;Favorites
9780552154161;Humor
9788025700907;Fantasy
9788025700907;Favorites
9788025700907;Fiction
9788025700907;Adventure
9788025700891;Fantasy
9788025700891;Favorites
9788025700891;Fiction
9788025700891;Adventure
9780091949792;Fantasy
9780091949792;Fiction
9780091949792;Humor
9781606412381;Favorites
9781606412381;Fantasy
9781606412381;Fiction
9781606412381;Young Adult
9780552148030;Fantasy
9780552148030;Fiction
9780552148030;Favorites
9780552148030;Fantasy
9780552148030;Science Fiction Fantasy
9780552148030;Science Fiction Fantasy
9780812577563;Fantasy
9780812577563;Fiction
9780812577563;Fantasy
9780812577563;Favorites
9780812577563;Favorites
9780152020736;Fantasy
9780152020736;Fiction
9780152020736;Childrens
9780152020736;Favorites
9780152020736;Young Adult
9780439700887;Fantasy
9780439700887;Young Adult
9780439700887;Fiction
9780439700887;Favorites
9780439700887;Adventure
9780439700887;Fantasy
9780439700887;Young Adult
9780439700887;Favorites
9780439700887;Fiction
9780439700887;Young Adult
9780439700887;Magic
9780439700887;Fantasy
9780439700887;Magic
9780788720390;Fantasy
9780788720390;Fiction
9780788720390;Historical
9780788720390;Favorites
9780788720390;Mythology
9780788720390;Favorites
9780788720390;Favorites
9780345522924;Fantasy
9780345522924;Fantasy
9780345522924;Historical Fantasy
9780345522924;Historical
9780345522924;Historical Fantasy
9780345522924;Fiction
9780345522924;Science Fiction
9780345522924;Historical Fantasy
9780345522924;Historical
9780345522924;Historical Fiction
9780345522924;Historical Fantasy
9781590388006;Fantasy
9781590388006;Favorites
9781590388006;Young Adult
9781590388006;Fiction
9781606411469;Fantasy
9781606411469;Favorites
9781606411469;Young Adult
9781606411469;Fiction
9781590384909;Favorites
9781590384909;Fiction
9781590384909;Adventure
9781590384909;Fantasy
9781590384909;Young Adult
9781590384909;Young Adult
9781590389638;Fantasy
9781590389638;Young Adult
9781590389638;Favorites
9781590389638;Adventure
9780345418906;Science Fiction
9780345418906;Fiction
9780345418906;Humor
9780345418906;Favorites
9780345418906;Fantasy
9780689878572;Fantasy
9780689878572;Young Adult
9780689878572;Favorites
9780689878572;Fiction
9780689878572;Fantasy
9780689878572;Magic
9780060590161;Fantasy
9780060590161;Young Adult
9780060590161;Favorites
9780060590161;Fiction
9780142403778;Fantasy
9780142403778;Fiction
9780142403778;Young Adult
9780142403778;Animals
9780142403778;Childrens
9780142403778;Adventure
9780142501108;Fantasy
9780142501108;Fiction
9780142501108;Young Adult
9780142501108;Childrens
9780142501108;Favorites
9780812513752;Fantasy
9780812513752;Fiction
9780812513752;Fantasy
9780812513752;Audiobook
9780812513752;Favorites
9780812513752;Science Fiction Fantasy
9780812513752;Fantasy
9780812513752;Audiobook
9780812513752;Epic
9780812513752;Adventure
9780812513752;Fantasy
9780812513752;Audiobook
9780812513752;Audiobook
9780439700900;Fantasy
9780439700900;Young Adult
9780439700900;Favorites
9780439700900;Fiction
9780552153157;Fantasy
9780552153157;Humor
9780552153157;Fiction
9780552153157;Favorites
9780689859380;Young Adult
9780689859380;Fantasy
9780689859380;Childrens
9780689859380;Paranormal
9780689859380;Fairies
9780810993587;Fantasy
9780810993587;Favorites
9780810993587;Mystery
9780810993587;Fantasy
9780810993587;Childrens
9780810993587;Fiction
9780810993587;Young Adult
9780810993587;Childrens
9780152020774;Fantasy
9780152020774;Childrens
9780152020774;Fiction
9780152020774;Favorites
9780152511609;Fantasy
9780152511609;Childrens
9780152511609;Fiction
9780152511609;Fantasy
9780152511609;Childrens
9780152511609;Fiction
9780590396059;Fantasy
9780590396059;Young Adult
9780590396059;Favorites
9780590396059;Fantasy
9780590396059;Fiction
9780590396059;Fiction
9780345335456;Fantasy
9780345335456;Fiction
9780345335456;Favorites
9780345335456;Fantasy
9780345335456;Science Fiction Fantasy
9780345335456;Science Fiction Fantasy
9780061161643;Fantasy
9780061161643;Fiction
9780061161643;Humor
9780061161643;Favorites
9780061161643;Humor
9780061161643;Science Fiction
9780061161643;Science Fiction Fantasy
9780061161643;Humor
9780061161643;Science Fiction
9780061161643;Audiobook
9780061161643;Novels
9780061161643;Science Fiction
9780312368579;Fantasy
9780312368579;Young Adult
9780312368579;Fiction
9780312368579;Science Fiction
9780312368579;Favorites
9780312368579;Childrens
9780142302392;Fantasy
9780142302392;Fiction
9780142302392;Young Adult
9780142302392;Childrens
9780142302392;Favorites
9780142302392;Animals
9780142501085;Fantasy
9780142501085;Young Adult
9780142501085;Childrens
9780142501085;Favorites
9780142501085;Animals
9780142501085;Fiction
9780142501085;Adventure
9780142501085;Childrens
9780142501085;High Fantasy
9780142501085;Science Fiction Fantasy
9780142501085;Fantasy
9780142501085;High Fantasy
9780441001866;Fantasy
9780441001866;Fiction
9780441001866;Young Adult
9780441001866;Favorites
9780441001866;Childrens
9780441001866;Animals
9780575058088;Fantasy
9780575058088;Fiction
9780575058088;Humor
9780375814709;Fantasy
9780375814709;Young Adult
9780375814709;Favorites
9780375814709;Fiction
9780375814709;Fantasy
9780375814709;Magic
9780441006106;Fantasy
9780441006106;Fiction
9780441006106;Young Adult
9780441006106;Childrens
9780441006106;Favorites
9780316002899;Young Adult
9780316002899;Favorites
9780316002899;Fantasy
9780316002899;Science Fiction
9780316207508;Young Adult
9780316207508;Favorites
9780316207508;Fantasy
9780316207508;Science Fiction
9781934180051;Fantasy
9781934180051;Young Adult
9781934180051;Fiction
9781934180051;Favorites
9781934180051;Fantasy
9781934180051;Magic
9780061092190;Fiction
9780061092190;Humor
9780061092190;Favorites
9780061092190;Humor
9780061092190;Comedy
9780385732536;Young Adult
9780385732536;Science Fiction
9780385732536;Science Fiction
9780385732536;Fiction
9780385732536;Fantasy
9780385732536;Science Fiction
9780385732536;Fantasy
9780385732536;Fiction
9780385732536;Fantasy
9780385732536;Fiction
9780439023511;Favorites
9780439023511;Young Adult
9780439023511;Science Fiction
9780439023511;Science Fiction
9780439023511;Fiction
9780439023511;Fantasy
9780439023511;Science Fiction
9780439023511;Fiction
9780439023511;Fantasy
9780439023511;Humor
9780439023511;Favorites
9780345419576;Fantasy
9780345419576;Science Fiction
9780345419576;Fantasy
9780345419576;Science Fiction Fantasy
9780345419576;Fiction
9780345419576;Science Fiction Fantasy
9780395680926;Fantasy
9780395680926;Fiction
9780395680926;Classics
9780061020681;Fantasy
9780061020681;Fiction
9780061020681;Humor
9780061020681;Favorites
9780441005765;Fantasy
9780441005765;Fiction
9780441005765;Young Adult
9780441005765;Favorites
9780441005765;Childrens
9780345379337;Science Fiction
9780345379337;Fiction
9780345379337;Humor
9780345379337;Fantasy
9780345379337;Favorites
9780552152945;Fantasy
9780552152945;Humor
9780552152945;Fiction
9780552152945;Humor
9780552152945;Comedy
9780345419583;Science Fiction
9780345419583;Fantasy
9780345419583;Fantasy
9780345419583;Fiction
9780345419583;Fiction
9781524739300;Science Fiction
9781524739300;Fantasy
9781524739300;Fantasy
9781524739300;Fiction
9781524739300;Fiction
9780316101844;Favorites
9780316101844;Young Adult
9780316101844;Fantasy
9780316101844;Science Fiction
9781841492612;Fiction
9781841492612;Science Fiction Fantasy
9781841492612;Fantasy
9780552154307;Fantasy
9780552154307;Humor
9780552154307;Favorites
9780552154307;Science Fiction Fantasy
9780552154307;Science Fiction
9780552154307;Time Travel
9780552154307;Fantasy
9780552154307;Humor
9780552154307;Favorites
9780552154307;Science Fiction Fantasy
9780552154307;Science Fiction
9780552154307;Time Travel
9789896370480;Fantasy
9789896370480;Humor
9789896370480;Favorites
9789896370480;Science Fiction Fantasy
9789896370480;Science Fiction
9789896370480;Time Travel
9789896370978;Fantasy
9789896370978;Humor
9789896370978;Favorites
9789896370978;Science Fiction Fantasy
9789896370978;Science Fiction
9789896370978;Time Travel
9789896371357;Fantasy
9789896371357;Humor
9789896371357;Favorites
9789896371357;Science Fiction Fantasy
9789896371357;Science Fiction
9789896371357;Time Travel
9780810916104;Fantasy
9780810916104;Favorites
9780810916104;Mystery
9780810916104;Fantasy
9780810916104;Childrens
9780810916104;Fiction
9780810916104;Young Adult
9780810916104;Childrens
9780545060424;Mystery
9780545060424;Adventure
9780545060424;Young Adult
9780545060424;Fiction
9780545060424;Favorites
9780545060424;Childrens
9780983930846;Young Adult
9780983930846;Fantasy
9780983930846;Romance
9780983930846;Fantasy
9780983930846;Fantasy
9780983930846;Romance
9780983930846;Romance
9780142401422;Fantasy
9780142401422;Fiction
9780142401422;Young Adult
9780142401422;Childrens
9780142401422;Favorites
9780142401422;Animals
9780543895141;Fantasy
9780543895141;Classics
9780543895141;Fiction
9780543895141;Childrens
9780543895141;Young Adult
9780543895141;Favorites
9780543895141;Fantasy
9780543895141;Young Adult
9780543895141;Favorites
9780543895141;Fiction
9780543895141;Young Adult
9780543895141;Young Adult Fantasy
9780356500911;Fantasy
9780356500911;Fiction
9780356500911;Fantasy
9780356500911;Fiction
9780142401446;Fantasy
9780142401446;Young Adult
9780142401446;Fiction
9780142401446;Favorites
9780142401446;Childrens
9780142401446;Animals
9780786837885;Fantasy
9780786837885;Favorites
9780786837885;Young Adult
9780786837885;Fiction
9780786837885;Adventure
9780786837878;Fantasy
9780786837878;Favorites
9780786837878;Young Adult
9780786837878;Fiction
9780786837878;Adventure
9780786837878;Childrens
9781423309758;Fantasy
9781423309758;Favorites
9781423309758;Young Adult
9781423309758;Fiction
9781423309758;Adventure
9780060577377;Fantasy
9780060577377;Young Adult
9780060577377;Favorites
9780060577377;Fantasy
9780060577377;Fiction
9780060577377;Fiction
9780060577377;Fantasy
9780060577377;Young Adult
9780060577377;Favorites
9780060577377;Fantasy
9780060577377;Fiction
9780060577377;Fiction
9780142406120;Young Adult
9780142406120;Adventure
9780142406120;Favorites
9780142406120;Mystery
9780142406120;Action
9780142406120;Spy Thriller
9780142406120;Espionage
9780689865398;Young Adult
9780689865398;Science Fiction
9780689865398;Science Fiction
9780689865398;Favorites
9780689865398;Science Fiction
9780451458629;Fantasy
9780451458629;Fiction
9780451458629;Historical
9780451458629;Favorites
9780451458629;Mythology
9780451458629;Favorites
9780451458629;Favorites
9780007202300;Fantasy
9780007202300;Fiction
9780007202300;Classics
9780007202300;Young Adult
9780007202300;Favorites
9780007202300;Childrens
9780451461032;Fantasy
9780451461032;Fantasy
9780451461032;Magic
9780451461032;Fiction
9780451461032;Mystery
9780451461032;Favorites
9780451461032;Fantasy
9780451461032;Magic
9780451461032;Fantasy
9780451461032;Magic
9780786818617;Young Adult
9780786818617;Fantasy
9780786818617;Favorites
9780786818617;Fantasy
9780786818617;Urban Fantasy
9780061020650;Fantasy
9780061020650;Fiction
9780061020650;Humor
9780345335654;Fiction
9780345335654;Favorites
9780345335654;Fantasy
9780345335654;High Fantasy
9780345335654;Science Fiction Fantasy
9780345335654;Fantasy
9780345335654;High Fantasy
9780060882075;Fantasy
9780060882075;Favorites
9780060882075;Young Adult
9780060882075;Fantasy
9780060882075;Fiction
9780060882075;Fiction
9780857522276;Fantasy
9780857522276;Fiction
9780857522276;Humor
9780857522276;Humor
9780857522276;Comedy
9780142406830;Fantasy
9780142406830;Fiction
9780142406830;Young Adult
9780142406830;Favorites
9780142406830;Animals
9780142406830;Adventure
9781416914181;Fantasy
9781416914181;Fiction
9781416914181;Young Adult
9781416914181;Favorites
9781416914181;Animals
9781416914181;Adventure
9780670038701;Fantasy
9780670038701;Fiction
9780670038701;Favorites
9780670038701;Mythology
9780670038701;Historical
9780670038701;Historical
9780552152952;Fiction
9780552152952;Humor
9780552152952;Favorites
9780385733410;Fantasy
9780385733410;Young Adult
9780385733410;Favorites
9780385733410;Historical
9780385733410;Historical
9780385733410;Historical
9780385733410;Fantasy
9780385733410;Young Adult
9780385733410;Favorites
9780385733410;Historical
9780385733410;Historical
9780385733410;Historical
9780688147204;Fantasy
9780688147204;Classics
9780688147204;Fiction
9780688147204;Childrens
9780688147204;Young Adult
9781590387429;Favorites
9781590387429;Young Adult
9781590387429;Fantasy
9781590387429;Fiction
9781582349015;Young Adult
9781582349015;Fantasy
9781582349015;Favorites
9781582349015;Romance
9781582349015;Fantasy
9781582349015;Fairy Tales
9780399254413;Favorites
9780399254413;Young Adult
9780399254413;Adventure
9780399254413;Fiction
9780399254413;Spy Thriller
9780399254413;Action
9780399254413;Action
9780142501528;Fantasy
9780142501528;Fiction
9780142501528;Young Adult
9780142501528;Childrens
9780142501528;Favorites
9780142501528;Animals
9780395606490;Fantasy
9780395606490;Fiction
9780395606490;Classics
9780316155601;Young Adult
9780316155601;Favorites
9780316155601;Fantasy
9780316155601;Science Fiction
9780316155601;Adventure
9780316155595;Young Adult
9780316155595;Favorites
9780316155595;Fantasy
9780316155595;Science Fiction
9780142405789;Young Adult
9780142405789;Favorites
9780142405789;Adventure
9780142405789;Fiction
9780142405789;Action
9780142405789;Spy Thriller
9780142405789;Teen
9780142405789;Mystery
9780142405789;Thriller
9780142405789;Childrens
9780142405789;Young Adult
9780142405789;Teen
9780399250576;Favorites
9780399250576;Young Adult
9780399250576;Adventure
9780399250576;Action
9780399250576;Fiction
9780399250576;Spy Thriller
9780399250576;Espionage
9780152045654;Young Adult
9780152045654;Fantasy
9780152045654;Favorites
9780152045654;Fiction
9780152045654;Childrens
9780152045654;Fantasy
9780152045654;Magic
9780152045654;Fantasy
9780152045654;Magic
9781606410424;Fantasy
9781606410424;Favorites
9781606410424;Young Adult
9781606410424;Childrens
9781606410424;Middle Grade
9780803731554;Fantasy
9780803731554;Young Adult
9780803731554;Favorites
9780803731554;Fiction
9780152020798;Fantasy
9780152020798;Childrens
9780152020798;Fiction
9781841492056;Science Fiction
9781841492056;Fiction
9781841492056;Favorites
9781841492056;Science Fiction Fantasy
9780812565959;Science Fiction
9780812565959;Fiction
9780812565959;Favorites
9780812565959;Science Fiction Fantasy
9780812565959;Fantasy
9780765340054;Science Fiction
9780765340054;Fiction
9780765340054;Science Fiction Fantasy
9780765340054;Favorites
9780765340054;Fantasy
9780765340054;Science Fiction
9780765340054;Fiction
9780765340054;Science Fiction Fantasy
9780765340054;Favorites
9780765340054;Fantasy
9780765332004;Science Fiction
9780765332004;Fiction
9780765332004;Science Fiction Fantasy
9780142419281;Fantasy
9780142419281;Young Adult
9780142419281;Favorites
9780142419281;Fiction
9780590396967;Young Adult
9780590396967;Fantasy
9780590396967;Fiction
9780590396967;Fantasy
9780590396967;Young Adult Fantasy
9780590396967;Favorites
9780590396967;Young Adult
9780590396967;Young Adult Fantasy
9780439436571;Fantasy
9780439436571;Young Adult
9780439436571;Fiction
9780439436571;Favorites
9780439436571;Childrens
9780439436571;Adventure
9780142406144;Young Adult
9780142406144;Adventure
9780142406144;Favorites
9780142406144;Fiction
9780142406144;Spy Thriller
9780142406144;Action
9780142406144;Action
9780451464392;Fantasy
9780451464392;Fantasy
9780451464392;Mystery
9780451464392;Favorites
9780451464392;Fiction
9780451464392;Fantasy
9780451464392;Mystery
9780451464392;Fantasy
9780451464392;Mystery
9780451464392;Mystery
B005OCYQW2;Fantasy
B005OCYQW2;Science Fiction
B005OCYQW2;Fantasy
B005OCYQW2;Fiction
B005OCYQW2;Fiction
9780451461896;Fantasy
9780451461896;Paranormal
9780451461896;Fantasy
9780451461896;Fiction
9780451461896;Favorites
9780451461896;Mystery
9780451461896;Fantasy
9780451461896;Paranormal
9780552152976;Fiction
9780552152976;Humor
9780552152976;Humor
9780552152976;Fantasy
9780552152976;Science Fiction Fantasy
9780552152976;Fantasy
9781406309355;Young Adult
9781406309355;Favorites
9781406309355;Adventure
9781406309355;Fiction
9781406309355;Spy Thriller
9781406309355;Espionage
9780385619264;Fantasy
9780385619264;Fiction
9780385619264;Humor
B001OF5F1E;Science Fiction
B001OF5F1E;Fiction
B001OF5F1E;Humor
B001OF5F1E;Fantasy
B001OF5F1E;Favorites
B001OF5F1E;Humor
B001OF5F1E;Comedy
9780547887203;Young Adult
9780547887203;Science Fiction
9780547887203;Favorites
9780547887203;Fiction
9780547887203;Fantasy
9780547887203;Favorites
9780345369352;Fantasy
9780345369352;Fiction
9780345369352;Favorites
9780345369352;Fantasy
9780345369352;Science Fiction Fantasy
9780345369352;Science Fiction Fantasy
9780575066892;Fantasy
9780575066892;Fiction
9780575066892;Humor
9780061020674;Fantasy
9780061020674;Fiction
9780061020674;Humor
9780061020674;Humor
9780061020674;Comedy
9780812550757;Science Fiction
9780812550757;Favorites
9780812550757;Fiction
9780812550757;Space
9780812550757;Space Opera
9780689865404;Young Adult
9780689865404;Science Fiction
9780689865404;Science Fiction
9780689865404;Favorites
9780689865404;Science Fiction
9781423121329;Young Adult
9781423121329;Fantasy
9781423121329;Fantasy
9781423121329;Vampires
9781423121329;Favorites
9781423121329;Fantasy
9781423121329;Vampires
9781423121329;Romance
9781423121329;Paranormal
9781423121329;Vampires
9781423121329;Fantasy
9781423121329;Young Adult
9781423121329;Favorites
9781423121329;Fiction
9781423121329;Young Adult
9781423121329;Young Adult Fantasy
9780545060493;Mystery
9780545060493;Favorites
9780545060493;Young Adult
9780545060493;Fiction
9780545060493;Adventure
9780545060493;Childrens
9780545060493;Childrens
9780545060493;Childrens
9780590396431;Fantasy
9780590396431;Young Adult
9780590396431;Favorites
9780590396431;Fiction
9780590396431;Fantasy
9780590396431;Young Adult Fantasy
9780590396431;Young Adult
9780590396431;Young Adult Fantasy
9780451458926;Fantasy
9780451458926;Magic
9780451458926;Fantasy
9780451458926;Mystery
9780451458926;Fiction
9780451458926;Favorites
9780451458926;Fantasy
9780451458926;Magic
9780451458926;Fantasy
9780451458926;Magic
9780439700894;Fantasy
9780439700894;Young Adult
9780439700894;Fiction
9780439700894;Favorites
9780439700894;Childrens
9780451462923;Historical
9780451462923;Mythology
9780451462923;Fiction
9780451462923;Mythology
9780451462923;Mythology
9780451462923;Fantasy
9780451462923;Historical
9780451462923;Fantasy
9780451462923;Mythology
9780747594154;Fantasy
9780747594154;Favorites
9780747594154;Young Adult
9780747594154;Fantasy
9780747594154;Fiction
9780747594154;Fiction
9780142501542;Fantasy
9780142501542;Fiction
9780142501542;Young Adult
9780142501542;Favorites
9780142501542;Animals
9780142501542;Childrens
9780441011247;Fantasy
9780441011247;Fiction
9780441011247;Short Stories
9780441011247;Young Adult
9780441011247;Favorites
9780441011247;Science Fiction
9780810994782;Fantasy
9780810994782;Favorites
9780810994782;Mystery
9780810994782;Fantasy
9780810994782;Young Adult
9780810994782;Childrens
9780810994782;Fiction
9780810994782;Young Adult
9780380729340;Fiction
9780380729340;Fantasy
9780380729340;Classics
9780380729340;Animals
9780380729340;Short Stories
9780380729340;Favorites
9780152046910;Fantasy
9780152046910;Young Adult
9780152046910;Fantasy
9780152046910;Childrens
9780152046910;Favorites
9780152046910;Fiction
9780152046910;Childrens
9780805080513;Fantasy
9780805080513;Young Adult
9780805080513;Fiction
9780805080513;Favorites
9780805080513;Childrens
9781416509639;Fantasy
9781416509639;Fiction
9781416509639;Young Adult
9781416509639;Favorites
9781416509639;Science Fiction Fantasy
9780375847110;Fantasy
9780375847110;Young Adult
9780375847110;Fiction
9780375847110;Fantasy
9780375847110;Magic
9780375814686;Fantasy
9780375814686;Young Adult
9780375814686;Favorites
9780375814686;Fiction
9780060012342;Fantasy
9780060012342;Fiction
9780060012342;Young Adult
9780060012342;Humor
9780060012342;Favorites
9780440238157;Fantasy
9780440238157;Young Adult
9780440238157;Favorites
9780440238157;Fiction
9780786851478;Fantasy
9780786851478;Young Adult
9780786851478;Fiction
9780786851478;Favorites
9780440901839;Fantasy
9780440901839;Young Adult
9780440901839;Fiction
9780440901839;Favorites
9781423128199;Fantasy
9781423128199;Favorites
9781423128199;Fiction
9781423128199;Young Adult
9781423128199;Science Fiction
9780064408639;Fiction
9780064408639;Young Adult
9780064408639;Childrens
9780064408639;Favorites
9780064408639;Fantasy
9780399244575;Favorites
9780399244575;Young Adult
9780399244575;Adventure
9780399244575;Fantasy
9780399244575;Fiction
9781423101468;Fantasy
9781423101468;Favorites
9781423101468;Young Adult
9781423101468;Fantasy
9781423101468;Mythology
9781423101468;Fantasy
9781423101468;Favorites
9781423101468;Young Adult
9781423101468;Fantasy
9781423101468;Mythology
9780142400302;Fantasy
9780142400302;Fiction
9780142400302;Young Adult
9780142400302;Childrens
9780142400302;Animals
9780142400302;Adventure
9780142400302;Favorites
9780142400302;Science Fiction Fantasy
9780142400302;Childrens
9780142400302;Novels
9780142400302;Novels
9780805080490;Fantasy
9780805080490;Young Adult
9780805080490;Fiction
9780805080490;Favorites
9780805080490;Childrens
9780805080490;Classics
9780545060455;Mystery
9780545060455;Adventure
9780545060455;Favorites
9780545060455;Young Adult
9780545060455;Fiction
9780545060455;Childrens
9780545060455;Childrens
9780545060455;Audiobook
9780545060455;Fantasy
9780545060455;Childrens
9780545060455;Audiobook
9780545060455;Audiobook
9781423146735;Favorites
9781423146735;Fantasy
9781423146735;Young Adult
9781423146735;Fantasy
9781423146735;Mythology
9780439865180;Fantasy
9780439865180;Young Adult
9780439865180;Adventure
9780439865180;Fiction
9780439865180;Childrens
9780345375216;Fantasy
9780345375216;Young Adult
9780345375216;Adventure
9780345375216;Fiction
9780345375216;Childrens
9780345375223;Classics
9780345375223;Fantasy
9780345375223;Short Stories
9780345375223;Science Fiction Fantasy
9780345375223;Fantasy
9780345375223;Short Stories
9780292707696;Fantasy
9780292707696;Fiction
9780292707696;Classics
9780292707696;Mythology
9780292707696;Novels
9780292707696;Historical
9780292707696;Novels
9780292707696;Fantasy
9780292707696;Novels
9780292707696;Favorites
9780292707696;Science Fiction Fantasy
9780292707696;Literature
9780292707696;Novels
9781423138655;Fantasy
9781423138655;Adventure
9781423138655;Young Adult
9781423138655;Fiction
9781423138655;Childrens
9781423138655;Childrens
9781423138655;Middle Grade
9780399244551;Fantasy
9780399244551;Young Adult
9780399244551;Favorites
9780399244551;Adventure
9780399244551;Fiction
9780399244551;Childrens
9780399244551;Young Adult Fantasy
9780399244551;Childrens
9780399244551;Action
9780399244551;Young Adult
9780399244551;Young Adult Fantasy
9780399244551;Young Adult
9780399244551;Young Adult Fantasy
9781484746431;Fantasy
9781484746431;Fantasy
9781484746431;Middle Grade
9781484746431;Young Adult
9781484746431;Childrens
9781484746431;Middle Grade
9781484746431;Fantasy
9781484746431;Classics
9781484746431;Fiction
9781484746431;Mythology
9781484746431;Favorites
9781484746431;Historical
9781484746431;Favorites
9781484746431;Fantasy
9781484746431;Favorites
9781484746431;Favorites
9780064410120;Fiction
9780064410120;Young Adult
9780064410120;Childrens
9780064410120;Favorites
9780064410120;Fantasy
9780805080506;Fantasy
9780805080506;Young Adult
9780805080506;Fiction
9780805080506;Favorites
9780805080506;Childrens
9780552139137;Fantasy
9780552139137;Science Fiction
9780552139137;Fantasy
9780552139137;Fiction
9780552139137;Fiction
9780439670234;Fantasy
9780439670234;Young Adult
9780439670234;Adventure
9780439670234;Fiction
9780439670234;Fantasy
9780439670234;Magic
9780060855925;Fantasy
9780060855925;Fiction
9780060855925;Humor
9780060855925;Favorites
9781419701863;Fantasy
9781419701863;Favorites
9781419701863;Fantasy
9781419701863;Middle Grade
9781419701863;Mystery
9781419701863;Childrens
9781419701863;Adventure
9781419701863;Childrens
9781419701863;Middle Grade
9781484709870;Fantasy
9781484709870;Fantasy
9781484709870;Adventure
9781484709870;Favorites
9781484709870;Young Adult
9781484709870;Short Stories
9781484709870;Adventure
9781484746424;Fantasy
9781484746424;Young Adult
9781484746424;Fantasy
9781484746424;Middle Grade
9781484746424;Favorites
9781484746424;Childrens
9781484746424;Middle Grade
9780439932141;Fantasy
9780439932141;Young Adult
9780439932141;Fiction
9780439932141;Fantasy
9780439932141;Favorites
9780439932141;Favorites
9780385738774;Young Adult
9780385738774;Science Fiction
9780385738774;Science Fiction
9780385738774;Favorites
9780385738774;Science Fiction
9780375955716;Young Adult
9780375955716;Science Fiction
9780375955716;Fiction
9780375955716;Fantasy
9780375955716;Science Fiction
9780375955716;Fiction
9780345419385;Fantasy
9780345419385;Science Fiction
9780345419385;Fantasy
9780345419385;Fiction
9780345419385;Fiction
9780345419385;Fantasy
9780345419385;Science Fiction
9780345419385;Fantasy
9780345419385;Fiction
9780345419385;Fiction
9780142419243;Fantasy
9780142419243;Fantasy
9780142419243;Adventure
9780142419243;Young Adult
9780142419243;Fiction
9780142419243;Adventure
9780765305114;Fiction
9780765305114;Favorites
9780765305114;Fantasy
9780765305114;High Fantasy
9780765305114;Science Fiction Fantasy
9780765305114;Fantasy
9780765305114;High Fantasy
9781416958970;Fantasy
9781416958970;Young Adult
9781416958970;Fantasy
9781416958970;Fiction
9781416958970;Favorites
9781416958970;Fiction
9781442412231;Fantasy
9781442412231;Favorites
9781442412231;Young Adult
9781442412231;Fantasy
9781442412231;Historical Fiction
9781442412231;Adventure
9781442412231;Historical
9781442412231;Historical Fiction
9781587260230;Fantasy
9781587260230;Classics
9781587260230;Fiction
9781587260230;Childrens
9781741664485;Fantasy
9781741664485;Favorites
9781741664485;Young Adult
9781741664485;Adventure
9781741664485;Fiction
9780545060486;Favorites
9780545060486;Young Adult
9780545060486;Mystery
9780545060486;Adventure
9780545060486;Childrens
9780545060486;Childrens
9780545060486;Middle Grade
9780385735353;Fantasy
9780385735353;Young Adult
9780385735353;Favorites
9780385735353;Fantasy
9780385735353;Fiction
9780385735353;Fantasy
9780385735353;Fiction
9780385735353;Fiction
9780064410168;Fiction
9780064410168;Favorites
9780064410168;Young Adult
9780064410168;Childrens
9780064410168;Fantasy
9780064410168;Mystery
9780060566210;Fiction
9780060566210;Young Adult
9780060566210;Childrens
9780060566210;Favorites
9780060566210;Fantasy
9780142419298;Fantasy
9780142419298;Young Adult
9780142419298;Favorites
9780142419298;Fiction
9780142419298;Mythology
9780142419298;Arthurian
9780141321318;Fantasy
9780141321318;Young Adult
9780141321318;Favorites
9780141321318;Fiction
9780810983557;Fantasy
9780810983557;Favorites
9780810983557;Fantasy
9780810983557;Young Adult
9780810983557;Mystery
9780810983557;Fiction
9780810983557;Childrens
9780810983557;Young Adult
9780810983557;Fantasy
9780810983557;Favorites
9780810983557;Fantasy
9780810983557;Young Adult
9780810983557;Mystery
9780810983557;Fiction
9780810983557;Childrens
9780810983557;Young Adult
9780439932158;Fantasy
9780439932158;Young Adult
9780439932158;Fiction
9780439932158;Adventure
9780439932158;Favorites
9781416509646;Fantasy
9781416509646;Fiction
9781416509646;Young Adult
9781416509646;Science Fiction Fantasy
9781416509646;Favorites
9780375838989;Fantasy
9780375838989;Favorites
9780375838989;Young Adult
9780375838989;Fantasy
9780375838989;Fiction
9780375838989;Adventure
9780375838989;Fiction
9780552154222;Fantasy
9780552154222;Fiction
9780552154222;Humor
9780552154222;Favorites
9780316002868;Young Adult
9780316002868;Fantasy
9780316002868;Favorites
9780316002868;Science Fiction
9781857232097;Fantasy
9781857232097;Fiction
9781857232097;Fantasy
9781857232097;Science Fiction Fantasy
9781857232097;Favorites
9781857232097;Science Fiction Fantasy
9781442412279;Fantasy
9781442412279;Young Adult
9781442412279;Fantasy
9781442412279;Historical Fiction
9781442412279;Favorites
9781442412279;Adventure
9781442412279;Science Fiction
9781442412279;Historical Fiction
9781442412279;Historical
9781442412279;Historical Fiction
9780545126588;Fantasy
9780545126588;Young Adult
9780545126588;Childrens
9780545126588;Adventure
9780545126588;Fiction
9780545126588;Favorites
9780451454249;Fantasy
9780451454249;Fiction
9780451454249;Historical
9780451454249;Historical
9780451454249;Mythology
9780451454249;Historical
9780451454249;Favorites
9780451454249;Historical
9780765302304;Science Fiction Fantasy
9780765302304;Epic
9780765302304;Fantasy
9780786836543;Fantasy
9780786836543;Young Adult
9780786836543;Favorites
9780786836543;Fiction
9780786836543;Fantasy
9780786836543;Magic
9780545126601;Fantasy
9780545126601;Young Adult
9780545126601;Adventure
9780545126601;Fiction
9780545126601;Favorites
9780545126601;Childrens
9780812517729;Fantasy
9780812517729;Fiction
9780812517729;Favorites
9780812517729;Fantasy
9780812517729;High Fantasy
9780812517729;Science Fiction Fantasy
9780812517729;Fantasy
9780812517729;High Fantasy
9780142419274;Fantasy
9780142419274;Young Adult
9780142419274;Favorites
9780142419274;Fiction
9780142419274;Fantasy
9780142419274;Magic
9780064410144;Fiction
9780064410144;Young Adult
9780064410144;Childrens
9780064410144;Favorites
9780064410144;Fantasy
9780064410144;Mystery
9781484732748;Fantasy
9781484732748;Favorites
9781484732748;Young Adult
9781484732748;Fantasy
9781484732748;Adventure
9781484732748;Adventure
9780805080520;Fantasy
9780805080520;Young Adult
9780805080520;Favorites
9780805080520;Fiction
9780805080520;Childrens
9780991531998;Fantasy
9780991531998;Young Adult
9780991531998;Paranormal
9780991531998;Paranormal
9780991531998;Fantasy
9780991531998;Paranormal
9780007365371;Fantasy
9780007365371;Fiction
9780007365371;Reference
9780007365371;Classics
9780060548261;Fantasy
9780060548261;Fiction
9780060548261;Historical
9780060548261;Historical
9780060548261;Mythology
9780060548261;Historical
9780060548261;Favorites
9780060548261;Historical
9780439861366;Fantasy
9780439861366;Classics
9780439861366;Fiction
9780439861366;Favorites
9780439861366;Young Adult
9780439861366;Childrens
9781405206129;Fiction
9781405206129;Young Adult
9781405206129;Childrens
9781405206129;Favorites
9781405206129;Fantasy
9781423146728;Favorites
9781423146728;Fantasy
9781423146728;Young Adult
9781423146728;Fantasy
9781423146728;Adventure
9781423146728;Adventure
9780399244568;Fantasy
9780399244568;Favorites
9780399244568;Adventure
9780399244568;Fiction
9780399244568;Young Adult
9789997409850;Fantasy
9789997409850;Classics
9789997409850;Fiction
9789997409850;Mythology
9789997409850;Favorites
9789997409850;Historical
9789997409850;Favorites
9789997409850;Fantasy
9789997409850;Favorites
9789997409850;Favorites
9781416951070;Fantasy
9781416951070;Young Adult
9781416951070;Fantasy
9781416951070;Fiction
9781416951070;Favorites
9781416951070;Fiction
9780062272188;Fantasy
9780062272188;Childrens
9780062272188;Magic
9780062272188;Favorites
9780062272188;Young Adult
9780062272188;Fantasy
9780062272188;Magic
9780810984301;Fantasy
9780810984301;Favorites
9780810984301;Fantasy
9780810984301;Fiction
9780810984301;Mystery
9780810984301;Childrens
9780810984301;Young Adult
9780810984301;Fiction
9780689859397;Fantasy
9780689859397;Childrens
9780689859397;Fiction
9780689859397;Childrens
9780689859397;Urban Fantasy
9780689859397;Young Adult
9780689859397;Favorites
9780689859397;Adventure
9780689859397;Fantasy
9780689859397;Urban Fantasy
9780689859397;Childrens
9780689859397;Urban Fantasy
9780689859397;Fantasy
9780689859397;Urban Fantasy
9780060835774;Fantasy
9780060835774;Favorites
9780060835774;Young Adult
9780060835774;Fiction
9780060835774;Adventure
9781741663013;Fantasy
9781741663013;Favorites
9781741663013;Young Adult
9781741663013;Adventure
9781741663013;Fiction
9780007202324;Fiction
9780007202324;Classics
9780007202324;Fantasy
9780007202324;Favorites
9780007202324;Young Adult
9780007202324;Childrens
9780552154185;Fiction
9780552154185;Humor
9780552154185;Humor
9780552154185;Comedy
9780060548278;Fantasy
9780060548278;Fiction
9780060548278;Historical
9780060548278;Historical
9780060548278;Mythology
9780060548278;Historical
9780060548278;Favorites
9780060548278;Historical
9781423161615;Fantasy
9781423161615;Favorites
9781423161615;Fiction
9781423161615;Young Adult
9781423161615;Science Fiction
9780060507770;Fantasy
9780060507770;Fiction
9780060507770;Humor
9781423101475;Favorites
9781423101475;Fantasy
9781423101475;Young Adult
9781423101475;Fantasy
9781423101475;Mythology
9780395394298;Favorites
9780395394298;Science Fiction Fantasy
9780395394298;Fantasy
9780142501092;Fantasy
9780142501092;Young Adult
9780142501092;Fiction
9780142501092;Childrens
9780142501092;Favorites
9780061020704;Fantasy
9780061020704;Fiction
9780061020704;Humor
9780061020704;Humor
9780061020704;Comedy
9781423116967;Sequential Art
9781423116967;Young Adult
9781423116967;Fantasy
9781423116967;Fantasy
9781423116967;Young Adult
9781423116967;Favorites
9781423116967;Young Adult
9780142402450;Fantasy
9780142402450;Fiction
9780142402450;Young Adult
9780142402450;Favorites
9780142402450;Childrens
9780142402450;Adventure
9780743437325;Fantasy
9780743437325;Young Adult
9780743437325;Favorites
9780743437325;Science Fiction
9780786849567;Favorites
9780786849567;Young Adult
9780786849567;Fantasy
9780786849567;Science Fiction
9781423163251;Sequential Art
9781423163251;Young Adult
9781423163251;Fantasy
9781423163251;Fantasy
9781423163251;Young Adult
9781423163251;Young Adult
9780688149758;Fantasy
9780688149758;Classics
9780688149758;Childrens
9780688149758;Fiction
9780048233493;Fantasy
9780048233493;Classics
9780048233493;Childrens
9780048233493;Fiction
9780399256189;Favorites
9780399256189;Young Adult
9780399256189;Fantasy
9780399256189;Adventure
9780399256189;Fiction
9780375957079;Fantasy
9780375957079;Favorites
9780375957079;Young Adult
9780375957079;Fantasy
9780375957079;Middle Grade
9780375957079;Adventure
9780375957079;Fantasy
9780375957079;Middle Grade
9780375957079;Childrens
9780375957079;Middle Grade
9780486400198;Fantasy
9780486400198;Classics
9780486400198;Childrens
9780486400198;Fiction
9780385733588;Fantasy
9780385733588;Young Adult
9780385733588;Favorites
9780385733588;Fiction
9780385733588;Fantasy
9780385733588;Mythology
9780385733588;Fantasy
9780385733588;Mythology
9780060764906;Young Adult
9780060764906;Childrens
9780060764906;Adventure
9780060764906;Classics
9780060764906;Childrens
9780060764906;Magic
9780060764906;Fantasy
9780060764906;Magic
9781423140603;Favorites
9781423140603;Fantasy
9781423140603;Young Adult
9781423140603;Fantasy
9781423140603;Mythology
9780140350418;Fantasy
9780140350418;Classics
9780140350418;Fiction
9780140350418;Childrens
9780140350418;Young Adult
9780140350418;Favorites
9780140350418;Adventure
9780140350418;Childrens
9780140350418;Magic
9780140350418;Childrens
9780140350418;Magic
9780140350418;Fantasy
9780140350418;Magic
9780552142748;Science Fiction
9780552142748;Fantasy
9780552142748;Science Fiction Fantasy
9780552142748;Fiction
9780552142748;Favorites
9780552142748;Science Fiction Fantasy
9780545414623;Mystery
9780545414623;Childrens
9780545414623;Childrens
9780545414623;Childrens
9780142419229;Fantasy
9780142419229;Young Adult
9780142419229;Fiction
9780142419229;Favorites
9780142419229;Mythology
9780142419229;Arthurian
9780439272636;Fiction
9780439272636;Young Adult
9780439272636;Childrens
9780439272636;Fantasy
9780439272636;Favorites
9780062272232;Fantasy
9780062272232;Childrens
9780062272232;Adventure
9780062272232;Favorites
9780062272232;Young Adult
9780062272232;Fantasy
9780062272232;Adventure
9780062272232;Adventure
9780316057806;Mystery
9780316057806;Fiction
9780316057806;Young Adult
9780316057806;Adventure
9780316057806;Childrens
9780316057806;Fantasy
9780307582393;Favorites
9780307582393;Mystery
9780307582393;Fiction
9780307582393;Young Adult
9780307582393;Adventure
9780307582393;Childrens
9780385905169;Fantasy
9780385905169;Young Adult
9780385905169;Favorites
9780385905169;Fantasy
9780385905169;Mythology
9780385905169;Fiction
9780385905169;Fantasy
9780385905169;Mythology
9781597372558;Fantasy
9781597372558;Young Adult
9781597372558;Favorites
9781597372558;Science Fiction
9781423103998;Young Adult
9781423103998;Favorites
9781423103998;Fiction
9781423103998;Fantasy
9781423103998;Science Fiction
9780441011254;Fantasy
9780441011254;Fiction
9780441011254;Favorites
9780441011254;Young Adult
9780441011254;Fantasy
9780441011254;Science Fiction
9780441011254;Science Fiction
9780688133542;Fantasy
9780688133542;Classics
9780688133542;Childrens
9780688133542;Fiction
9780812550290;Fantasy
9780812550290;Fiction
9780812550290;Fantasy
9780812550290;Favorites
9780812550290;Favorites
9780955670145;Horror
9780955670145;Romance
9780955670145;Historical
9780955670145;Romance
9780955670145;New Adult
9780955670145;Gothic
9780955670145;Fantasy
9780955670145;Historical
9780955670145;Historical
9780064410151;Fiction
9780064410151;Young Adult
9780064410151;Favorites
9780064410151;Childrens
9780064410151;Mystery
9780375828256;Young Adult
9780375828256;Science Fiction
9780375828256;Science Fiction
9780375828256;Fantasy
9780375828256;Fiction
9780375828256;Science Fiction
9780261103481;Fantasy
9780261103481;Fiction
9780261103481;Classics
9781416914167;Fantasy
9781416914167;Young Adult
9781416914167;Favorites
9781416914167;Science Fiction
9780449224434;Fantasy
9780449224434;Historical
9780449224434;Historical
9780449224434;Fiction
9780449224434;Mythology
9780449224434;Historical
9780449224434;Historical
9780810949140;Fantasy
9780810949140;Favorites
9780810949140;Mystery
9780810949140;Fantasy
9780810949140;Childrens
9780810949140;Fiction
9780810949140;Young Adult
9780810949140;Childrens
9780440421245;Young Adult
9780440421245;Science Fiction
9780440421245;Fiction
9780440421245;Fantasy
9780440421245;Science Fiction
9780440421245;Fiction
9780060841829;Fantasy
9780060841829;Favorites
9780060841829;Young Adult
9780060841829;Fiction
9780060841829;Adventure
9780060841829;Romance
9781416914235;Fantasy
9781416914235;Young Adult
9781416914235;Favorites
9781416914235;Science Fiction
9780142419212;Fantasy
9780142419212;Young Adult
9780142419212;Fiction
9780142419212;Favorites
9780142419212;Mythology
9780142419212;Arthurian
9780743437349;Fantasy
9780743437349;Young Adult
9780743437349;Favorites
9780743437349;Science Fiction
9781416908173;Fantasy
9781416908173;Young Adult
9781416908173;Favorites
9781416908173;Science Fiction Fantasy
9781416908173;Childrens
9780375971389;Fantasy
9780375971389;Favorites
9780375971389;Young Adult
9780375971389;Fantasy
9780375971389;Mythology
9780375971389;Fantasy
9780375971389;Mythology
9780345419392;Fantasy
9780345419392;Science Fiction
9780345419392;Fantasy
9780345419392;Science Fiction Fantasy
9780345419392;Fiction
9780345419392;Science Fiction Fantasy
9780439206488;Fiction
9780439206488;Young Adult
9780439206488;Childrens
9780439206488;Fantasy
9780439206488;Favorites
9780439206488;Fiction
9780439206488;Science Fiction
9780439206488;Humor
9780439206488;Adventure
9780439206488;Science Fiction Fantasy
9780439206488;Adventure
9780345339737;Fantasy
9780345339737;Favorites
9780345339737;Fiction
9780345339737;Classics
9780345339737;Adventure
9780618083572;Fantasy
9780618083572;Favorites
9780618083572;Fiction
9780618083572;Classics
9780618083572;Adventure
9780689869129;Fantasy
9780689869129;Young Adult
9780689869129;Favorites
9780689869129;Science Fiction
9781587260377;Fantasy
9781587260377;Classics
9781587260377;Childrens
9781587260377;Fiction
9780399254161;Fantasy
9780399254161;Fiction
9780399254161;Young Adult
9780399254161;Adventure
9780399254161;Animals
9780399163609;Favorites
9780399163609;Fantasy
9780399163609;Young Adult
9780399163609;Adventure
9780399163609;Fiction
9780399251641;Fantasy
9780399251641;Young Adult
9780399251641;Fiction
9780399251641;Adventure
9781421818900;Fantasy
9781421818900;Classics
9781421818900;Childrens
9781421818900;Fiction
9780091886578;Fantasy
9780091886578;Fiction
9780091886578;Humor
9780091888053;Fantasy
9780091888053;Fiction
9780091888053;Humor
9780091898243;Fantasy
9780091898243;Fiction
9780091898243;Humor
9780385738750;Young Adult
9780385738750;Science Fiction
9780385738750;Fiction
9780385738750;Science Fiction
9780385738750;Fiction
9780786856862;Young Adult
9780786856862;Science Fiction
9780786856862;Fiction
9780786856862;Science Fiction
9780786856862;Fiction
9781423145509;Sequential Art
9781423145509;Young Adult
9781423145509;Fantasy
9781423145509;Fantasy
9781423145509;Young Adult
9781423145509;Young Adult
9781416948506;Fantasy
9781416948506;Young Adult
9781416948506;Fantasy
9781416948506;Fiction
9781416948506;Favorites
9781416948506;Fiction
9780375838965;Fantasy
9780375838965;Young Adult
9780375838965;Favorites
9780375838965;Adventure
9780375838965;Fantasy
9780375838965;Fiction
9780375838965;Fiction
9780689859373;Fantasy
9780689859373;Childrens
9780689859373;Fiction
9780689859373;Childrens
9780689859373;Young Adult
9780689859373;Young Adult
9780552148061;Fiction
9780552148061;Favorites
9780552148061;Fantasy
9780552148061;High Fantasy
9780552148061;Science Fiction Fantasy
9780552148061;Fantasy
9780552148061;High Fantasy
9781423140573;Fantasy
9781423140573;Favorites
9781423140573;Fantasy
9781423140573;Young Adult
9781423140573;Young Adult
9781423140573;Fantasy
9781423140573;Adult
9781423140573;Fantasy
9781423140573;Urban Fantasy
9780142419205;Fantasy
9780142419205;Young Adult
9780142419205;Fiction
9780142419205;Favorites
9780142419205;Mythology
9780142419205;Arthurian
9781416958796;Fantasy
9781416958796;Young Adult
9781416958796;Fantasy
9781416958796;Fiction
9781416958796;Favorites
9781416958796;Fiction
9780812513738;Fantasy
9780812513738;Fiction
9780812513738;Favorites
9780812513738;Fantasy
9780812513738;Science Fiction Fantasy
9780812513738;Science Fiction Fantasy
9780261102187;Fantasy
9780261102187;Fiction
9780261102187;Favorites
9780261102187;Fantasy
9780261102187;Science Fiction Fantasy
9780261102187;Science Fiction Fantasy
9780062429971;Fantasy
9780062429971;Fiction
9780062429971;Young Adult
9780062429971;Favorites
9780062429971;Humor
9781741661347;Fantasy
9781741661347;Favorites
9781741661347;Young Adult
9781741661347;Adventure
9781741661347;Fiction
9780064405041;Fantasy
9780064405041;Fiction
9780064405041;Classics
9780064405041;Favorites
9780064405041;Young Adult
9780064405041;Childrens
9780345434692;Fantasy
9780345434692;Science Fiction
9780345434692;Fantasy
9780345434692;Fiction
9780345434692;Fiction
9780064410137;Fiction
9780064410137;Young Adult
9780064410137;Childrens
9780064410137;Favorites
9780064410137;Mystery
9781416914204;Fantasy
9781416914204;Favorites
9781416914204;Young Adult
9781416914204;Science Fiction
9781423140597;Favorites
9781423140597;Fantasy
9781423140597;Young Adult
9781423140597;Fantasy
9781423140597;Mythology
9781423194552;Fantasy
9781423194552;Fantasy
9781423194552;Fiction
9781423194552;Young Adult
9781423194552;Fiction
9781741661286;Favorites
9781741661286;Fantasy
9781741661286;Adventure
9781741661286;Fiction
9781741661286;Young Adult
9780385735292;Fantasy
9780385735292;Young Adult
9780385735292;Favorites
9780385735292;Fiction
9780385735292;Fantasy
9780385735292;Mythology
9780385735292;Fantasy
9780385735292;Mythology
9781484721346;Fantasy
9781484721346;Fantasy
9781484721346;Short Stories
9781484721346;Favorites
9781484721346;Young Adult
9781484721346;Short Stories
9780679879251;Young Adult
9780679879251;Favorites
9780679879251;Fiction
9780679879251;Fantasy
9780679879251;Childrens
9780765375629;Science Fiction
9780765375629;Fiction
9780765375629;Audiobook
9780385730303;Fantasy
9780385730303;Young Adult
9780385730303;Favorites
9780385730303;Historical
9780385730303;Historical
9780385730303;Historical
9780545135702;Mystery
9780545135702;Adventure
9780545135702;Young Adult
9780545135702;Favorites
9780545135702;Fiction
9781423140566;Fantasy
9781423140566;Favorites
9781423140566;Fantasy
9781423140566;Young Adult
9781423140566;Young Adult
9780192751010;Fantasy
9780192751010;Childrens
9780192751010;Fiction
9780192751010;Favorites
9780192751010;Science Fiction
9780192751010;Time Travel
9781423108368;Fantasy
9781423108368;Young Adult
9781423108368;Favorites
9781423108368;Fiction
9781423108368;Science Fiction
9780688149765;Classics
9780688149765;Childrens
9780688149765;Fiction
9780688149765;Young Adult
9780141382890;Fantasy
9780141382890;Favorites
9780141382890;Young Adult
9780141382890;Fantasy
9780141382890;Mythology
9781423145516;Sequential Art
9781423145516;Adventure
9781423145516;Fantasy
9781423145516;Fantasy
9781423145516;Adventure
9781423145516;Young Adult
9781423145516;Sequential Art
9781423145516;Adventure
9781423145516;Childrens
9781423145516;Adventure
9781423145516;Fiction
9781423145516;Graphic Novels Comics
9781423145516;Favorites
9781423145516;Adventure
9780689845369;Fiction
9780689845369;Favorites
9780689845369;Young Adult
9780689845369;Science Fiction Fantasy
9780689845369;Fantasy
9780689845369;Classics
9780689845369;Classics
9780395515624;Fiction
9780395515624;Favorites
9780395515624;Young Adult
9780395515624;Science Fiction Fantasy
9780395515624;Fantasy
9780395515624;Classics
9780395515624;Classics
9780413771162;Fantasy
9780413771162;Fiction
9780413771162;Humor
9780413771162;Favorites
9780618346264;Fantasy
9780618346264;Favorites
9780618346264;Classics
9780618346264;Fiction
9780618346264;Adventure
9780618346264;Fantasy
9780618346264;Fantasy
9780618346264;Young Adult
9780618346264;Young Adult
9780810993235;Fantasy
9780810993235;Favorites
9780810993235;Mystery
9780810993235;Fantasy
9780810993235;Fiction
9780810993235;Childrens
9780810993235;Young Adult
9780810993235;Fiction
9780060566227;Fiction
9780060566227;Young Adult
9780060566227;Childrens
9780060566227;Favorites
9780060566227;Fantasy
9780060566227;Mystery
9780545060479;Mystery
9780545060479;Adventure
9780545060479;Favorites
9780545060479;Young Adult
9780545060479;Fiction
9780545060479;Childrens
9780061125270;Classics
9780061125270;Favorites
9780061125270;Young Adult
9780061125270;Childrens
9780061125270;Adventure
9780395710418;Fantasy
9780395710418;Fiction
9780395710418;Classics
9780261102231;Fantasy
9780261102231;Fiction
9780261102231;Classics
9780385735339;Fantasy
9780385735339;Young Adult
9780385735339;Favorites
9780385735339;Fantasy
9780385735339;Mythology
9780385735339;Fiction
9780385735339;Fantasy
9780385735339;Mythology
9780062012173;Fantasy
9780062012173;Young Adult
9780062012173;Favorites
9780062012173;Humor
9780062012173;Fiction
9780152949945;Fantasy
9780152949945;Childrens
9780152949945;Fiction
9780152949945;Young Adult
9780152949945;Fantasy
9780152949945;Magic
9780345341679;Fantasy
9780345341679;Science Fiction
9780345341679;Fantasy
9780345341679;Science Fiction Fantasy
9780345341679;Fiction
9780345341679;Favorites
9780345341679;Science Fiction Fantasy
9780060548285;Fantasy
9780060548285;Fiction
9780060548285;Historical
9780060548285;Historical
9780060548285;Mythology
9780060548285;Historical
9780060548285;Historical
9780064407687;Fiction
9780064407687;Young Adult
9780064407687;Childrens
9780064407687;Fantasy
9780064407687;Favorites
9780439441728;Fantasy
9780439441728;Young Adult
9780439441728;Favorites
9780439441728;Fantasy
9780439441728;Fiction
9780439441728;Fiction
9780002247412;Fantasy
9780002247412;Young Adult
9780002247412;Favorites
9780002247412;Fantasy
9780002247412;Fiction
9780002247412;Fiction
9780756404734;Fantasy
9780756404734;Favorites
9780756404734;Fiction
9780756404734;Fantasy
9780756404734;Epic Fantasy
9780756404734;Fantasy
9780756404734;Classics
9780756404734;Fiction
9780756404734;Mythology
9780756404734;Mythology
9780756404734;Historical
9780756404734;Mythology
9780756404734;Fantasy
9780756404734;Mythology
9780152054915;Fantasy
9780152054915;Young Adult
9780152054915;Fiction
9780152054915;Fantasy
9780152054915;Favorites
9780152054915;Fantasy
9780152054915;Favorites
9780152054915;Favorites
9780689878589;Young Adult
9780689878589;Favorites
9780689878589;Fiction
9780689878589;Fantasy
9780689878589;Fantasy
9780689878589;Magic
9780689859403;Fantasy
9780689859403;Childrens
9780689859403;Fiction
9780689859403;Childrens
9780689859403;Young Adult
9780689859403;Young Adult
9780062568243;Fantasy
9780062568243;Young Adult
9780062568243;Favorites
9780062568243;Adventure
9780062568243;Fiction
9780061031328;Fantasy
9780061031328;Fiction
9780061031328;Humor
9780061031328;Favorites
9780345481290;Fantasy
9780345481290;Historical
9780345481290;Historical Fantasy
9780345481290;Science Fiction
9780345481290;Historical Fantasy
9780345481290;Historical
9780345481290;Fantasy
9780345481290;Historical Fantasy
9780345481290;Favorites
9780345481290;Historical Fiction
9780345481290;Historical Fantasy
9780552152679;Fiction
9780552152679;Humor
9780552152679;Favorites
9780688133559;Fantasy
9780688133559;Classics
9780688133559;Childrens
9780688133559;Fiction
9781904233190;Fantasy
9781904233190;Fiction
9781904233190;Fantasy
9781904233190;Magic
9780345496898;Fantasy
9780345496898;Fantasy
9780345496898;Historical
9780345496898;Historical
9780345496898;Historical
9780345496898;Fiction
9780345496898;Science Fiction
9780345496898;Historical
9780345496898;Historical
9780765325945;Fantasy
9780765325945;Favorites
9780765325945;Fiction
9780765325945;Fantasy
9780765325945;Epic Fantasy
9780765325945;Fantasy
9780765325945;Young Adult
9780765325945;Favorites
9780765325945;Fiction
9780765325945;Fantasy
9780765325945;Young Adult
9780765325945;Favorites
9780765325945;Fiction
9780590554091;Fantasy
9780590554091;Young Adult
9780590554091;Favorites
9780590554091;Fantasy
9780590554091;Fiction
9780590554091;Fiction
9780142402481;Fantasy
9780142402481;Fiction
9780142402481;Young Adult
9780142402481;Favorites
9780142402481;Animals
9780142402481;Childrens
9780451462565;Fantasy
9780451462565;Fantasy
9780451462565;Paranormal
9780451462565;Fiction
9780451462565;Favorites
9780451462565;Mystery
9780451462565;Fantasy
9780451462565;Paranormal
9780142419267;Fantasy
9780142419267;Fantasy
9780142419267;Science Fiction Fantasy
9780142419267;Fantasy
9780142419267;Science Fiction Fantasy
9780142419267;Mythology
9780142419267;Science Fiction Fantasy
9780142419267;Young Adult
9780142419267;Adventure
9780142419267;Fiction
9780142419267;Childrens
9780142419267;Science Fiction Fantasy
9780142419267;Childrens
9780142419267;Science Fiction Fantasy
9780061161704;Fantasy
9780061161704;Fiction
9780061161704;Humor
9780061161704;Fantasy
9780061161704;Fantasy
9780061161704;Middle Grade
9780061161704;Young Adult
9780061161704;Childrens
9780061161704;Middle Grade
9780061161704;Fantasy
9780061161704;Fantasy
9780061161704;Middle Grade
9780061161704;Young Adult
9780061161704;Childrens
9780061161704;Middle Grade
9780545290593;Adventure
9780545290593;Mystery
9780545290593;Favorites
9780545290593;Young Adult
9780545290593;Fiction
9780007256754;Fantasy
9780007256754;Fantasy
9780007256754;Favorites
9780007256754;Historical
9780007256754;Favorites
9780007256754;Fiction
9780007256754;Science Fiction
9780007256754;Favorites
9780007256754;Historical
9780007256754;Favorites
9780996624947;Fantasy
9780996624947;Fantasy
9780996624947;Favorites
9780996624947;Historical
9780996624947;Favorites
9780996624947;Fiction
9780996624947;Science Fiction
9780996624947;Favorites
9780996624947;Historical
9780996624947;Favorites
9780451461407;Fantasy
9780451461407;Fantasy
9780451461407;Fiction
9780451461407;Mystery
9780451461407;Fiction
9780812575583;Fantasy
9780812575583;Fiction
9780812575583;Fantasy
9780812575583;Favorites
9780812575583;Favorites
9780060890315;Fantasy
9780060890315;Young Adult
9780060890315;Fiction
9780060890315;Humor
9780061020612;Fantasy
9780061020612;Fiction
9780061020612;Humor
9780061020612;Favorites
9780152052072;Fantasy
9780152052072;Young Adult
9780152052072;Fiction
9780152052072;Fantasy
9780152052072;Science Fiction
9780152052072;Fantasy
9780152052072;Science Fiction
9780152052072;Science Fiction
9780152047726;Fantasy
9780152047726;Young Adult
9780152047726;Fiction
9780152047726;Favorites
9780152047726;Fantasy
9780152047726;Urban Fantasy
9780152047726;Fantasy
9780152047726;Urban Fantasy
9781416903444;Fantasy
9781416903444;Young Adult
9781416903444;Favorites
9781416903444;Fiction
9781416903444;Fantasy
9781416903444;Magic
9780061020667;Fantasy
9780061020667;Fiction
9780061020667;Humor
9780061020667;Favorites
9780312861872;Science Fiction
9780312861872;Fiction
9780312861872;Favorites
9780312861872;Fantasy
9780312861872;Science Fiction Fantasy
